company,title,location,role_type,discipline,compensation,grad_window,url,source,discovered_via,verification_status,verified_at,date_seen,last_seen,posted_at,expires_at,source_id,source_adapter,updated_at,priority
Boeing,Associate Software Engineer,"USA - Omaha, NE",New Grad,Software / AI / ML,"$82,000 - $99,300",2027 new grad recruiting cycle,https://boeing.wd1.myworkdayjobs.com/en-US/EXTERNAL_CAREERS/job/USA---Omaha-NE/Software-Engineer_JR2026517990-1,https://boeing.wd1.myworkdayjobs.com/en-US/EXTERNAL_CAREERS/job/USA---Omaha-NE/Software-Engineer_JR2026517990-1,https://github.com/aprameyak/2027-tech-jobs,official verification cached,2026-07-21T03:20:18.808Z,2026-07-20,2026-07-20,2026-07-21,2026-08-15,boeing|discovery_feed,discovery_feed,,P1
Anduril,Early Career Firmware Engineer,"Costa Mesa, California, United States",New Grad,Software / AI / ML,,Early career,https://boards.greenhouse.io/andurilindustries/jobs/5167865007?gh_jid=5167865007,https://www.anduril.com/careers/,,,,2026-07-20,2026-07-20,,,anduril|greenhouse,greenhouse,2026-07-18T10:03:02-04:00,P0
Aurora,Security Software Engineer I,"Mountain View, CA",New Grad,Software / AI / ML,,2027 new grad recruiting cycle,https://aurora.tech/careers/8137861002,https://aurora.tech/careers/8137861002,https://github.com/aprameyak/2027-tech-jobs,official verification cached,2026-07-21T03:25:06.196Z,2026-07-20,2026-07-20,2026-07-20,,aurora|discovery_feed,discovery_feed,,P1
ByteDance,Backend Software Engineer Graduate,"San Jose, CA",New Grad,Software / AI / ML,,2027 new grad recruiting cycle,https://joinbytedance.com/search/7527678842316998919,https://joinbytedance.com/search/7527678842316998919,https://github.com/aprameyak/2027-tech-jobs,official verification cached,2026-07-21T03:20:18.804Z,2026-07-20,2026-07-20,2026-07-20,,bytedance|discovery_feed,discovery_feed,,P1
ByteDance,Site Reliability Engineer Graduate - Edge Services,"San Jose, CA",New Grad,Software / AI / ML,,2027 new grad recruiting cycle,https://joinbytedance.com/search/7540061337369954567,https://joinbytedance.com/search/7540061337369954567,https://github.com/aprameyak/2027-tech-jobs,official verification cached,2026-07-21T03:20:18.804Z,2026-07-20,2026-07-20,2026-07-20,,bytedance|discovery_feed,discovery_feed,,P1
ByteDance,Software Engineer Graduate - AI Applications,"San Jose, CA",New Grad,Software / AI / ML,,2027 new grad recruiting cycle,https://joinbytedance.com/search/7540808448918079752,https://joinbytedance.com/search/7540808448918079752,https://github.com/aprameyak/2027-tech-jobs,official verification cached,2026-07-21T03:20:18.804Z,2026-07-20,2026-07-20,2026-07-20,,bytedance|discovery_feed,discovery_feed,,P1
ByteDance,Software Engineer Graduate - Dev Infrastructure,"San Jose, CA",New Grad,Software / AI / ML,"$122,574 - $256,000 annually",2027 new grad recruiting cycle,https://joinbytedance.com/search/7536272435440716040,https://joinbytedance.com/search/7536272435440716040,https://github.com/aprameyak/2027-tech-jobs,official verification cached,2026-07-21T03:20:18.804Z,2026-07-20,2026-07-20,2026-07-20,,bytedance|discovery_feed,discovery_feed,,P1
ByteDance,Software Engineer Graduate - ML Systems,"San Jose, CA",New Grad,Software / AI / ML,,2027 new grad recruiting cycle,https://joinbytedance.com/search/7265752342699837757,https://joinbytedance.com/search/7265752342699837757,https://github.com/aprameyak/2027-tech-jobs,official verification cached,2026-07-21T03:20:18.804Z,2026-07-20,2026-07-20,2026-07-20,,bytedance|discovery_feed,discovery_feed,,P1
Cape,Software Engineer,"New York, NY; Washington, DC",New Grad,Software / AI / ML,,2027 new grad recruiting cycle,https://jobs.ashbyhq.com/Cape/bd280ded-4298-47de-a186-1aebd1bd94b8,https://jobs.ashbyhq.com/Cape/bd280ded-4298-47de-a186-1aebd1bd94b8,https://github.com/aprameyak/2027-tech-jobs,official verification cached,2026-07-21T03:25:05.694Z,2026-07-20,2026-07-20,2026-07-20,,cape|discovery_feed,discovery_feed,,P1
Eventual,Software Engineer,"San Francisco, CA",New Grad,Software / AI / ML,"$120,000 - $150,000",2027 new grad recruiting cycle,https://jobs.ashbyhq.com/eventualcomputing/becb5675-3480-4d2b-b126-2acad40fd088/application,https://jobs.ashbyhq.com/eventualcomputing/becb5675-3480-4d2b-b126-2acad40fd088/application,https://github.com/aprameyak/2027-tech-jobs,official verification cached,2026-07-21T03:20:18.807Z,2026-07-20,2026-07-20,2026-07-20,,eventual|discovery_feed,discovery_feed,,P1
IMC Trading,Graduate Machine Learning Researcher - Chicago,"Chicago, United States",New Grad,Software / AI / ML,"$300,000",2027 grad eligible,https://job-boards.eu.greenhouse.io/imc/jobs/4907416101,https://www.imc.com/us/careers/jobs/,,,,2026-07-20,2026-07-20,,,imc trading|greenhouse,greenhouse,2026-07-08T11:34:41-04:00,P0
Leidos,Entry Level Software Developer,"St. Louis, MO",New Grad,Software / AI / ML,,2027 new grad recruiting cycle,https://leidos.wd5.myworkdayjobs.com/External/job/St-Louis-MO/Entry-Level-Software-Developer_R-00186923,https://leidos.wd5.myworkdayjobs.com/External/job/St-Louis-MO/Entry-Level-Software-Developer_R-00186923,https://github.com/aprameyak/2027-tech-jobs,official verification cached,2026-07-21T03:20:18.802Z,2026-07-20,2026-07-20,2026-07-20,,leidos|discovery_feed,discovery_feed,,P0
London Stock Exchange Group,Site Reliability Engineer (Graduate),"St. Louis, MO",New Grad,Software / AI / ML,,2027 new grad recruiting cycle,https://lseg.wd3.myworkdayjobs.com/Careers/job/USA-St-Louis-795-Office-Pkwy/FGraduate-Site-Reliability-Engineer_R0119202,https://lseg.wd3.myworkdayjobs.com/Careers/job/USA-St-Louis-795-Office-Pkwy/FGraduate-Site-Reliability-Engineer_R0119202,https://github.com/aprameyak/2027-tech-jobs,official verification cached,2026-07-21T03:20:18.802Z,2026-07-20,2026-07-20,2026-07-20,,london stock exchange group|discovery_feed,discovery_feed,,P1
Nutanix,"Software Engineer 1, Early Career","Durham, NC",New Grad,Software / AI / ML,,2027 new grad recruiting cycle,https://jobs.jobvite.com/nutanix/job/oGXDxfwx,https://jobs.jobvite.com/nutanix/job/oGXDxfwx,https://github.com/aprameyak/2027-tech-jobs,official verification cached,2026-07-21T03:25:06.160Z,2026-07-20,2026-07-20,2026-07-20,,nutanix|discovery_feed,discovery_feed,,P0
Revionics,Machine Learning Engineer,"Austin, TX; Atlanta, GA",New Grad,Software / AI / ML,,2027 new grad recruiting cycle,https://revionics.com/about/careers/open-jobs?gh_jid=7172125,https://revionics.com/about/careers/open-jobs?gh_jid=7172125,https://github.com/aprameyak/2027-tech-jobs,official verification cached,2026-07-21T03:25:06.080Z,2026-07-20,2026-07-20,2026-07-20,,revionics|discovery_feed,discovery_feed,,P1
RTX,Software Engineer I,"Fullerton, CA",New Grad,Software / AI / ML,,2027 new grad recruiting cycle,https://globalhr.wd5.myworkdayjobs.com/en-GB/REC_RTX_Ext_Gateway/job/US-CA-FULLERTON-676--1801-Hughes-Dr--BLDG-676/Software-Engineer-I---Onsite-_01857157,https://globalhr.wd5.myworkdayjobs.com/en-GB/REC_RTX_Ext_Gateway/job/US-CA-FULLERTON-676--1801-Hughes-Dr--BLDG-676/Software-Engineer-I---Onsite-_01857157,https://github.com/aprameyak/2027-tech-jobs,official verification cached,2026-07-21T03:20:18.802Z,2026-07-20,2026-07-20,2026-07-20,,rtx|discovery_feed,discovery_feed,,P1
ServiceNow,Frontend Software Engineer,"San Diego, CA",New Grad,Software / AI / ML,,2027 new grad recruiting cycle,https://jobs.smartrecruiters.com/ServiceNow/744000092424475,https://jobs.smartrecruiters.com/ServiceNow/744000092424475,https://github.com/aprameyak/2027-tech-jobs,official verification cached,2026-07-21T03:20:18.806Z,2026-07-20,2026-07-20,2026-07-20,,servicenow|discovery_feed,discovery_feed,,P1
TikTok,Machine Learning Engineer - Monetization Technology,"San Jose, CA",New Grad,Software / AI / ML,,2027 new grad recruiting cycle,https://lifeattiktok.com/search/7535606471191824647,https://lifeattiktok.com/search/7535606471191824647,https://github.com/aprameyak/2027-tech-jobs,official verification cached,2026-07-21T03:20:18.803Z,2026-07-20,2026-07-20,2026-07-20,,tiktok|discovery_feed,discovery_feed,,P1
TikTok,Machine Learning Engineer Graduate - Short Video Content Understanding,"San Jose, CA",New Grad,Software / AI / ML,"$122,574 - $256,000 annually",2027 new grad recruiting cycle,https://lifeattiktok.com/search/7534982208201984274,https://lifeattiktok.com/search/7534982208201984274,https://github.com/aprameyak/2027-tech-jobs,official verification cached,2026-07-21T03:20:18.803Z,2026-07-20,2026-07-20,2026-07-20,,tiktok|discovery_feed,discovery_feed,,P1
TikTok,Software Engineer - Commerce Ads,"San Jose, CA",New Grad,Software / AI / ML,,2027 new grad recruiting cycle,https://lifeattiktok.com/search/7538213896365689096,https://lifeattiktok.com/search/7538213896365689096,https://github.com/aprameyak/2027-tech-jobs,official verification cached,2026-07-21T03:20:18.803Z,2026-07-20,2026-07-20,2026-07-20,,tiktok|discovery_feed,discovery_feed,,P1
TikTok,Software Engineer - Live Service,"San Jose, CA",New Grad,Software / AI / ML,,2027 new grad recruiting cycle,https://lifeattiktok.com/search/7538325771954637074,https://lifeattiktok.com/search/7538325771954637074,https://github.com/aprameyak/2027-tech-jobs,official verification cached,2026-07-21T03:20:18.803Z,2026-07-20,2026-07-20,2026-07-20,,tiktok|discovery_feed,discovery_feed,,P1
TikTok,Software Engineer Graduate - Recommendation Platform,"San Jose, CA",New Grad,Software / AI / ML,,2027 new grad recruiting cycle,https://lifeattiktok.com/search/7536356589390301458,https://lifeattiktok.com/search/7536356589390301458,https://github.com/aprameyak/2027-tech-jobs,official verification cached,2026-07-21T03:20:18.803Z,2026-07-20,2026-07-20,2026-07-20,,tiktok|discovery_feed,discovery_feed,,P1
TikTok,Software Engineer Graduate - Site Reliability Engineering,"San Jose, CA",New Grad,Software / AI / ML,,2027 new grad recruiting cycle,https://lifeattiktok.com/search/7591947799615260933,https://lifeattiktok.com/search/7591947799615260933,https://github.com/aprameyak/2027-tech-jobs,official verification cached,2026-07-21T03:20:18.803Z,2026-07-20,2026-07-20,2026-07-20,,tiktok|discovery_feed,discovery_feed,,P1
Travelers,"Software Engineer I, AI Driven","Atlanta, GA",New Grad,Software / AI / ML,"$99,100.00 - $163,400.00",2027 new grad recruiting cycle,https://travelers.wd5.myworkdayjobs.com/External/job/GA---Atlanta/Software-Engineer-I--AI-Driven-_R-49831,https://travelers.wd5.myworkdayjobs.com/External/job/GA---Atlanta/Software-Engineer-I--AI-Driven-_R-49831,https://github.com/aprameyak/2027-tech-jobs,official verification cached,2026-07-21T03:20:18.807Z,2026-07-20,2026-07-20,2026-07-20,,travelers|discovery_feed,discovery_feed,,P1
Visa,"Site Reliability Engineer, New College Grad","Austin, TX",New Grad,Software / AI / ML,"$90,000 USD",2027 new grad recruiting cycle,https://jobs.smartrecruiters.com/visa/744000080908246,https://jobs.smartrecruiters.com/visa/744000080908246,https://github.com/aprameyak/2027-tech-jobs,official verification cached,2026-07-21T03:20:18.805Z,2026-07-20,2026-07-20,2026-07-20,,visa|discovery_feed,discovery_feed,,P0
Visa,"Software Engineer, New College Grad","Austin, TX",New Grad,Software / AI / ML,"$105,000 USD",2027 new grad recruiting cycle,https://jobs.smartrecruiters.com/visa/744000080906904,https://jobs.smartrecruiters.com/visa/744000080906904,https://github.com/aprameyak/2027-tech-jobs,official verification cached,2026-07-21T03:20:18.804Z,2026-07-20,2026-07-20,2026-07-20,,visa|discovery_feed,discovery_feed,,P0
Visa,"Software Engineer, New College Grad","Bellevue, WA",New Grad,Software / AI / ML,"$108,000 USD",2027 new grad recruiting cycle,https://jobs.smartrecruiters.com/visa/744000080904205,https://jobs.smartrecruiters.com/visa/744000080904205,https://github.com/aprameyak/2027-tech-jobs,official verification cached,2026-07-21T03:20:18.806Z,2026-07-20,2026-07-20,2026-07-20,,visa|discovery_feed,discovery_feed,,P0
Visa,"Software Engineer, New College Grad","Foster City, CA",New Grad,Software / AI / ML,"$120,000 USD",2027 new grad recruiting cycle,https://jobs.smartrecruiters.com/visa/744000080905065,https://jobs.smartrecruiters.com/visa/744000080905065,https://github.com/aprameyak/2027-tech-jobs,official verification cached,2026-07-21T03:20:18.805Z,2026-07-20,2026-07-20,2026-07-20,,visa|discovery_feed,discovery_feed,,P0
Anyscale,"Software Engineer, New Grad","San Francisco, CA; Palo Alto, CA",New Grad,Software / AI / ML,,2027 new grad recruiting cycle,https://jobs.ashbyhq.com/anyscale/31d09081-f5e7-45e4-b561-1c53d0ca9200,https://jobs.ashbyhq.com/anyscale/31d09081-f5e7-45e4-b561-1c53d0ca9200,https://github.com/aprameyak/2027-tech-jobs,official verification cached,2026-07-21T03:25:05.803Z,2026-07-20,2026-07-20,2026-07-17,,anyscale|discovery_feed,discovery_feed,,P0
Aurora Innovation,Software Engineer 1,"Mountain View, CA",New Grad,Software / AI / ML,,2027 new grad recruiting cycle,https://aurora.tech/jobs/8191750002,https://aurora.tech/jobs/8191750002,https://github.com/aprameyak/2027-tech-jobs,official verification cached,2026-07-21T03:25:06.440Z,2026-07-20,2026-07-20,2026-07-17,,aurora innovation|discovery_feed,discovery_feed,,P1
Ellipsis Labs,"Software Engineer, New Grad","New York, NY",New Grad,Software / AI / ML,"$150,000 - $200,000",2027 new grad recruiting cycle,https://jobs.ashbyhq.com/ellipsislabs/256c2ec2-01c8-4ff6-9ad0-b926fe40472d/application,https://jobs.ashbyhq.com/ellipsislabs/256c2ec2-01c8-4ff6-9ad0-b926fe40472d/application,https://github.com/aprameyak/2027-tech-jobs,official verification cached,2026-07-21T03:20:18.793Z,2026-07-20,2026-07-20,2026-07-17,,ellipsis labs|discovery_feed,discovery_feed,,P0
Figma,"Software Engineer, Full Stack","San Francisco, CA; New York, NY",New Grad,Software / AI / ML,"$153,000 - $376,000 USD",2027 new grad recruiting cycle,https://job-boards.greenhouse.io/figma/jobs/5691911004,https://job-boards.greenhouse.io/figma/jobs/5691911004,https://github.com/aprameyak/2027-tech-jobs,official verification cached,2026-07-21T03:20:18.793Z,2026-07-20,2026-07-20,2026-07-17,,figma|discovery_feed,discovery_feed,,P1
Notion,"Software Engineer, New Grad","San Francisco, CA",New Grad,Software / AI / ML,"$126,000 - $146,000",2027 new grad recruiting cycle,https://jobs.ashbyhq.com/notion/a6311f97-4850-4674-a5f3-d9fe5f6f2555,https://jobs.ashbyhq.com/notion/a6311f97-4850-4674-a5f3-d9fe5f6f2555,https://github.com/aprameyak/2027-tech-jobs,official verification cached,2026-07-21T03:20:18.793Z,2026-07-09,2026-07-20,2026-07-17,,notion|discovery_feed,discovery_feed,,P0
Nuro,"Software Engineer, New Grad - Performance","Mountain View, CA",New Grad,Software / AI / ML,,2027 new grad recruiting cycle,https://nuro.ai/careersitem?gh_jid=6972272,https://nuro.ai/careersitem?gh_jid=6972272,https://github.com/aprameyak/2027-tech-jobs,official verification cached,2026-07-21T03:25:07.032Z,2026-07-20,2026-07-20,2026-07-17,,nuro|discovery_feed,discovery_feed,,P0
Palantir,"Forward Deployed Software Engineer, New Grad","Washington, DC",New Grad,Software / AI / ML,"$135,000 - $145,000/year",2027 new grad recruiting cycle,https://jobs.lever.co/palantir/fbca0358-083a-4222-bdbb-3bd729b48382/apply,https://jobs.lever.co/palantir/fbca0358-083a-4222-bdbb-3bd729b48382/apply,https://github.com/aprameyak/2027-tech-jobs,official verification cached,2026-07-21T03:20:18.794Z,2026-07-05,2026-07-20,2026-07-17,,palantir|discovery_feed,discovery_feed,,P0
Palantir,"Forward Deployed Software Engineer, New Grad","Washington, DC",New Grad,Software / AI / ML,"$135,000 - $145,000/year",2027 new grad recruiting cycle,https://jobs.lever.co/palantir/cbe90327-3e6e-451c-a54c-1d3cbcef5aeb/apply,https://jobs.lever.co/palantir/cbe90327-3e6e-451c-a54c-1d3cbcef5aeb/apply,https://github.com/aprameyak/2027-tech-jobs,official verification cached,2026-07-21T03:20:18.794Z,2026-07-05,2026-07-20,2026-07-17,,palantir|discovery_feed,discovery_feed,,P0
Palantir,"Software Engineer, New Grad - Defense","Washington, DC",New Grad,Software / AI / ML,"$145,000 - $155,000/year",2027 new grad recruiting cycle,https://jobs.lever.co/palantir/18d901fc-93bb-4d18-9f04-c72031e20d79/apply,https://jobs.lever.co/palantir/18d901fc-93bb-4d18-9f04-c72031e20d79/apply,https://github.com/aprameyak/2027-tech-jobs,official verification cached,2026-07-21T03:20:18.794Z,2026-07-05,2026-07-20,2026-07-17,,palantir|discovery_feed,discovery_feed,,P0
Palantir,"Software Engineer, New Grad - Production Infrastructure","Washington, DC",New Grad,Software / AI / ML,"$145,000 - $155,000/year",2027 new grad recruiting cycle,https://jobs.lever.co/palantir/15844944-fb69-4b57-9531-e988650b20c6/apply,https://jobs.lever.co/palantir/15844944-fb69-4b57-9531-e988650b20c6/apply,https://github.com/aprameyak/2027-tech-jobs,official verification cached,2026-07-21T03:20:18.793Z,2026-07-05,2026-07-20,2026-07-17,,palantir|discovery_feed,discovery_feed,,P0
Roblox,"Software Engineer, Early Career","San Mateo, CA",New Grad,Software / AI / ML,"$153,120 - $153,120 USD",2027 new grad recruiting cycle,https://careers.roblox.com/jobs/7114754,https://careers.roblox.com/jobs/7114754,https://github.com/aprameyak/2027-tech-jobs,official verification cached,2026-07-21T03:20:18.794Z,2026-07-20,2026-07-20,2026-07-17,,roblox|discovery_feed,discovery_feed,,P0
Salesforce,"Software Engineering AMTS/MTS, College Grad","San Francisco, CA; Palo Alto, CA; Seattle, WA; Bellevue, WA; Dallas, TX",New Grad,Software / AI / ML,"$110,000 - $153,000 annually",2027 new grad recruiting cycle,https://salesforce.wd12.myworkdayjobs.com/Futureforce_NewGradRoles/job/California---San-Francisco/Software-Engineering-AMTS-MTS--College-Grad-_JR330400,https://salesforce.wd12.myworkdayjobs.com/Futureforce_NewGradRoles/job/California---San-Francisco/Software-Engineering-AMTS-MTS--College-Grad-_JR330400,https://github.com/aprameyak/2027-tech-jobs,official verification cached,2026-07-21T03:20:18.794Z,2026-07-20,2026-07-20,2026-07-17,,salesforce|discovery_feed,discovery_feed,,P1
Sierra,"Software Engineer, New Grad","San Francisco, CA",New Grad,Software / AI / ML,,2027 new grad recruiting cycle,https://jobs.ashbyhq.com/Sierra/6a75b530-b7bb-4439-bb67-37b4f2b75b96,https://jobs.ashbyhq.com/Sierra/6a75b530-b7bb-4439-bb67-37b4f2b75b96,https://github.com/aprameyak/2027-tech-jobs,official verification cached,2026-07-21T03:25:06.545Z,2026-07-20,2026-07-20,2026-07-17,,sierra|discovery_feed,discovery_feed,,P0
Sigma Computing,"Software Engineer, New Grad","San Francisco, CA; New York, NY",New Grad,Software / AI / ML,,2027 new grad recruiting cycle,https://job-boards.greenhouse.io/sigmacomputing/jobs/7690411003,https://job-boards.greenhouse.io/sigmacomputing/jobs/7690411003,https://github.com/aprameyak/2027-tech-jobs,official verification cached,2026-07-21T03:20:18.795Z,2026-07-20,2026-07-20,2026-07-17,,sigma computing|discovery_feed,discovery_feed,,P0
SimpliSafe,Software Engineer I (Device Control),"Boston, MA",New Grad,Software / AI / ML,"$75,100 - $100,100",2027 new grad recruiting cycle,https://job-boards.greenhouse.io/simplisafe/jobs/8049515,https://job-boards.greenhouse.io/simplisafe/jobs/8049515,https://github.com/aprameyak/2027-tech-jobs,official verification cached,2026-07-21T03:20:18.795Z,2026-07-20,2026-07-20,2026-07-17,,simplisafe|discovery_feed,discovery_feed,,P1
American Express,"Software Engineer I, Technology","Sunrise, FL",New Grad,Software / AI / ML,,2027 new grad recruiting cycle,https://aexp.eightfold.ai/careers/job/38270703,https://aexp.eightfold.ai/careers/job/38270703,https://github.com/aprameyak/2027-tech-jobs,official verification cached,2026-07-21T03:25:07.339Z,2026-07-20,2026-07-20,2026-07-16,,american express|discovery_feed,discovery_feed,,P1
SimpliSafe,Software Engineer I - Video Platform,"Boston, MA",New Grad,Software / AI / ML,,2027 new grad recruiting cycle,https://job-boards.greenhouse.io/simplisafe/jobs/8049510,https://job-boards.greenhouse.io/simplisafe/jobs/8049510,https://github.com/aprameyak/2027-tech-jobs,official verification cached,2026-07-21T03:25:06.944Z,2026-07-20,2026-07-20,2026-07-16,,simplisafe|discovery_feed,discovery_feed,,P1
Twitch,"Software Engineer I, Commerce Engineering","Seattle, WA",New Grad,Software / AI / ML,"$110,500 - $160,000 USD",2027 new grad recruiting cycle,https://job-boards.greenhouse.io/twitch/jobs/8459320002,https://job-boards.greenhouse.io/twitch/jobs/8459320002,https://github.com/aprameyak/2027-tech-jobs,official verification cached,2026-07-21T03:20:18.792Z,2026-07-20,2026-07-20,2026-07-16,,twitch|discovery_feed,discovery_feed,,P1
Akuna Capital,Entry Level Software Engineer - C++,"Chicago, IL",New Grad,Software / AI / ML,"$145,000",2027 new grad recruiting cycle,https://www.akunacapital.com/careers/job/8013085?gh_jid=8013085,https://www.akunacapital.com/careers/job/8013085?gh_jid=8013085,https://github.com/aprameyak/2027-tech-jobs,official verification cached,2026-07-21T03:20:18.790Z,2026-07-20,2026-07-20,2026-07-15,,akuna capital|discovery_feed,discovery_feed,,P0
Faros AI,Software Engineer - New Grad,"San Mateo, CA",New Grad,Software / AI / ML,"$100,000 - $180,000",2027 new grad recruiting cycle,https://jobs.ashbyhq.com/faros-ai/622e1f1e-4a39-4e7c-8526-1189ca588066,https://jobs.ashbyhq.com/faros-ai/622e1f1e-4a39-4e7c-8526-1189ca588066,https://github.com/aprameyak/2027-tech-jobs,official verification cached,2026-07-21T03:20:18.791Z,2026-07-20,2026-07-20,2026-07-15,,faros ai|discovery_feed,discovery_feed,,P0
IXL Learning,Software Engineer - New Grad,"Raleigh, NC",New Grad,Software / AI / ML,,2027 new grad recruiting cycle,https://www.ixl.com/company/jobs?gh_jid=8615717002,https://www.ixl.com/company/jobs?gh_jid=8615717002,https://github.com/aprameyak/2027-tech-jobs,official verification cached,2026-07-21T03:20:18.790Z,2026-07-20,2026-07-20,2026-07-15,,ixl learning|discovery_feed,discovery_feed,,P0
IXL Learning,Software Engineer - New Grad,"San Mateo, CA",New Grad,Software / AI / ML,,2027 new grad recruiting cycle,https://www.ixl.com/company/jobs?gh_jid=8615710002,https://www.ixl.com/company/jobs?gh_jid=8615710002,https://github.com/aprameyak/2027-tech-jobs,official verification cached,2026-07-21T03:20:18.790Z,2026-07-20,2026-07-20,2026-07-15,,ixl learning|discovery_feed,discovery_feed,,P0
Microsoft,Software Engineer,"Redmond, WA",New Grad,Software / AI / ML,,2027 new grad recruiting cycle,https://careers.microsoft.com/us/en/job/200042229/Software-Engineer,https://careers.microsoft.com/us/en/job/200042229/Software-Engineer,https://github.com/aprameyak/2027-tech-jobs,official verification cached,2026-07-21T03:25:07.244Z,2026-07-20,2026-07-20,2026-07-15,,microsoft|discovery_feed,discovery_feed,,P1
Microsoft,Software Engineer Identity,"Redmond, WA",New Grad,Software / AI / ML,,2027 new grad recruiting cycle,https://careers.microsoft.com/us/en/job/200043100/Software-Engineer-Identity,https://careers.microsoft.com/us/en/job/200043100/Software-Engineer-Identity,https://github.com/aprameyak/2027-tech-jobs,official verification cached,2026-07-21T03:25:07.364Z,2026-07-20,2026-07-20,2026-07-15,,microsoft|discovery_feed,discovery_feed,,P1
Microsoft,Software Engineer IDNA,"Redmond, WA",New Grad,Software / AI / ML,,2027 new grad recruiting cycle,https://careers.microsoft.com/us/en/job/200043430/Software-Engineer-IDNA,https://careers.microsoft.com/us/en/job/200043430/Software-Engineer-IDNA,https://github.com/aprameyak/2027-tech-jobs,official verification cached,2026-07-21T03:25:07.293Z,2026-07-20,2026-07-20,2026-07-15,,microsoft|discovery_feed,discovery_feed,,P1
Notion,Software Engineer - Early Career,"San Francisco, CA",New Grad,Software / AI / ML,"$130,000 - $150,000",2027 new grad recruiting cycle,https://jobs.ashbyhq.com/notion/297b4ece-765f-4eea-b1b8-46057cb6501f,https://jobs.ashbyhq.com/notion/297b4ece-765f-4eea-b1b8-46057cb6501f,https://github.com/aprameyak/2027-tech-jobs,official verification cached,2026-07-21T03:20:18.790Z,2026-07-09,2026-07-20,2026-07-15,,notion|discovery_feed,discovery_feed,,P0
Notion,Software Engineer - Early Career (AI),"San Francisco, CA",New Grad,Software / AI / ML,"$130,000-$150,000",2027 new grad recruiting cycle,https://jobs.ashbyhq.com/notion/85947779-6b87-466a-98bc-30a640448c28,https://jobs.ashbyhq.com/notion/85947779-6b87-466a-98bc-30a640448c28,https://github.com/aprameyak/2027-tech-jobs,official verification cached,2026-07-21T03:20:18.790Z,2026-07-09,2026-07-20,2026-07-15,,notion|discovery_feed,discovery_feed,,P0
Pylon,Software Engineer - New Grad,"San Francisco, CA",New Grad,Software / AI / ML,$150k - $180k annually,2027 new grad recruiting cycle,https://jobs.ashbyhq.com/pylon-labs/38814ce7-217b-40f2-9ba5-8a7733a5691d,https://jobs.ashbyhq.com/pylon-labs/38814ce7-217b-40f2-9ba5-8a7733a5691d,https://github.com/aprameyak/2027-tech-jobs,official verification cached,2026-07-21T03:20:18.791Z,2026-07-20,2026-07-20,2026-07-15,,pylon|discovery_feed,discovery_feed,,P0
Qualcomm,"System AI Engineer, Display (New Grad Level and up)","Markham, ON,CA, [object Object]",New Grad,Software / AI / ML,,New grad or university grad,http://careers.qualcomm.com/careers/job/446718599884-system-ai-engineer-display-new-grad-level-and-up--markham-ontario-canada,https://careers.qualcomm.com/careers,,,,2026-07-16,2026-07-20,2026-07-15,2027-01-11,qualcomm|sitemap_jobs,sitemap_jobs,,P0
StubHub,Software Engineer I - Core Compute Platform,"New York, NY",New Grad,Software / AI / ML,,2027 new grad recruiting cycle,https://job-boards.eu.greenhouse.io/stubhubinc/jobs/4921819101,https://job-boards.eu.greenhouse.io/stubhubinc/jobs/4921819101,https://github.com/aprameyak/2027-tech-jobs,official verification cached,2026-07-21T03:25:08.587Z,2026-07-20,2026-07-20,2026-07-15,,stubhub|discovery_feed,discovery_feed,,P1
StubHub,Software Engineer I - Core Platform (Streaming & Storage),"New York, NY",New Grad,Software / AI / ML,,2027 new grad recruiting cycle,https://job-boards.eu.greenhouse.io/stubhubinc/jobs/4906492101,https://job-boards.eu.greenhouse.io/stubhubinc/jobs/4906492101,https://github.com/aprameyak/2027-tech-jobs,official verification cached,2026-07-21T03:25:08.006Z,2026-07-20,2026-07-20,2026-07-15,,stubhub|discovery_feed,discovery_feed,,P1
StubHub,Software Engineer I - Open Distribution (New Grad),"Los Angeles, CA",New Grad,Software / AI / ML,,2027 new grad recruiting cycle,https://job-boards.eu.greenhouse.io/stubhubinc/jobs/4906365101,https://job-boards.eu.greenhouse.io/stubhubinc/jobs/4906365101,https://github.com/aprameyak/2027-tech-jobs,official verification cached,2026-07-21T03:25:08.751Z,2026-07-20,2026-07-20,2026-07-15,,stubhub|discovery_feed,discovery_feed,,P0
Twitch,Software Engineer I - Discovery,"San Francisco, CA",New Grad,Software / AI / ML,"$193,300 - $261,500 USD",2027 new grad recruiting cycle,https://job-boards.greenhouse.io/twitch/jobs/8623578002,https://job-boards.greenhouse.io/twitch/jobs/8623578002,https://github.com/aprameyak/2027-tech-jobs,official verification cached,2026-07-21T03:20:18.789Z,2026-07-20,2026-07-20,2026-07-15,,twitch|discovery_feed,discovery_feed,,P1
WhatNot,Software Engineer - New Grad,"New York, NY",New Grad,Software / AI / ML,"$140,000 - $150,000",2027 new grad recruiting cycle,https://jobs.ashbyhq.com/whatnot/bc8f8c7f-2c4c-4f43-a238-953568c101b8,https://jobs.ashbyhq.com/whatnot/bc8f8c7f-2c4c-4f43-a238-953568c101b8,https://github.com/aprameyak/2027-tech-jobs,official verification cached,2026-07-21T03:20:18.791Z,2026-07-20,2026-07-20,2026-07-15,,whatnot|discovery_feed,discovery_feed,,P0
Fidelity Investments,Leap Software Engineer,"Durham, NC; Westlake, TX",New Grad,Software / AI / ML,,2027 new grad recruiting cycle,https://jobs.fidelity.com/en/jobs/2132114/leap-software-engineer,https://jobs.fidelity.com/en/jobs/2132114/leap-software-engineer,https://github.com/aprameyak/2027-tech-jobs,official verification cached,2026-07-21T03:20:18.786Z,2026-07-20,2026-07-20,2026-07-14,,fidelity investments|discovery_feed,discovery_feed,,P1
Warp,Software Engineer,Remote (US),New Grad,Software / AI / ML,"$165,000 - $260,000",2027 new grad recruiting cycle,https://job-boards.greenhouse.io/warp/jobs/4324888004,https://job-boards.greenhouse.io/warp/jobs/4324888004,https://github.com/aprameyak/2027-tech-jobs,official verification cached,2026-07-21T03:20:18.788Z,2026-07-20,2026-07-20,2026-07-14,,warp|discovery_feed,discovery_feed,,P1
Zip,Software Engineer,"San Francisco, CA",New Grad,Software / AI / ML,,2027 new grad recruiting cycle,https://jobs.ashbyhq.com/zip/19f459ee-4907-4883-9d70-35eb96f62082,https://jobs.ashbyhq.com/zip/19f459ee-4907-4883-9d70-35eb96f62082,https://github.com/aprameyak/2027-tech-jobs,official verification cached,2026-07-21T03:25:08.194Z,2026-07-20,2026-07-20,2026-07-14,,zip|discovery_feed,discovery_feed,,P1
Boeing,Entry-Level Software Engineer–Developer,"USA - Richardson, TX",New Grad,Software / AI / ML,"$83,300 - $112,700",Early career,https://boeing.wd1.myworkdayjobs.com/EXTERNAL_CAREERS/job/USA---Richardson-TX/Entry-Level-Software-Engineer-Developer_JR2026512717-2,https://jobs.boeing.com/,,,,2026-07-13,2026-07-20,2026-07-13,2026-07-28,boeing|workday,workday,Posted 7 Days Ago,P0
Hudson River Trading,Algorithm Developer (Quant Researcher) – 2027 Grads,"New York, NY",New Grad,Software / AI / ML,,2027 new grad recruiting cycle,https://www.hudsonrivertrading.com/hrt-job/algorithm-developer-quant-researcher-2027-grads,https://www.hudsonrivertrading.com/hrt-job/algorithm-developer-quant-researcher-2027-grads,https://github.com/aprameyak/2027-tech-jobs,official verification cached,2026-07-21T03:20:18.785Z,2026-07-20,2026-07-20,2026-07-13,,hudson river trading|discovery_feed,discovery_feed,,P0
Hudson River Trading,Software Engineer (C++ or Python) – 2027 Grads,"New York, NY; Chicago, IL; Austin, TX",New Grad,Software / AI / ML,,2027 new grad recruiting cycle,https://www.hudsonrivertrading.com/hrt-job/software-engineer-c-or-python-2027-grads,https://www.hudsonrivertrading.com/hrt-job/software-engineer-c-or-python-2027-grads,https://github.com/aprameyak/2027-tech-jobs,official verification cached,2026-07-21T03:20:18.786Z,2026-07-20,2026-07-20,2026-07-13,,hudson river trading|discovery_feed,discovery_feed,,P0
IMC Trading,Graduate Quantitative Trader,"Chicago, IL",New Grad,Software / AI / ML,"$250,000",2027 new grad recruiting cycle,https://job-boards.eu.greenhouse.io/imc/jobs/4751729101,https://job-boards.eu.greenhouse.io/imc/jobs/4751729101,https://github.com/aprameyak/2027-tech-jobs,official verification cached,2026-07-21T03:20:18.785Z,2026-07-08,2026-07-20,2026-07-13,,imc trading|discovery_feed,discovery_feed,,P1
IMC Trading,Graduate Software Engineer,"Chicago, IL",New Grad,Software / AI / ML,"$200,000",2027 new grad recruiting cycle,https://job-boards.eu.greenhouse.io/imc/jobs/4818790101,https://job-boards.eu.greenhouse.io/imc/jobs/4818790101,https://github.com/aprameyak/2027-tech-jobs,official verification cached,2026-07-21T03:20:18.784Z,2026-07-05,2026-07-20,2026-07-13,,imc trading|discovery_feed,discovery_feed,,P0
Microsoft,Software Engineer,"Mountain View, CA",New Grad,Software / AI / ML,,2027 new grad recruiting cycle,https://careers.microsoft.com/us/en/job/200043429/Software-Engineer,https://careers.microsoft.com/us/en/job/200043429/Software-Engineer,https://github.com/aprameyak/2027-tech-jobs,official verification cached,2026-07-21T03:25:08.375Z,2026-07-20,2026-07-20,2026-07-13,,microsoft|discovery_feed,discovery_feed,,P1
Microsoft,Software Engineer,Remote (US),New Grad,Software / AI / ML,,2027 new grad recruiting cycle,https://careers.microsoft.com/us/en/job/200043070/Software-Engineer,https://careers.microsoft.com/us/en/job/200043070/Software-Engineer,https://github.com/aprameyak/2027-tech-jobs,official verification cached,2026-07-21T03:25:08.303Z,2026-07-20,2026-07-20,2026-07-13,,microsoft|discovery_feed,discovery_feed,,P1
Microsoft,Software Engineering - Commercial Engineering & AI (CEAI),"Redmond, WA",New Grad,Software / AI / ML,,2027 new grad recruiting cycle,https://careers.microsoft.com/us/en/job/200041565/Software-Engineering-Commercial-Engineering-AI-CEAI,https://careers.microsoft.com/us/en/job/200041565/Software-Engineering-Commercial-Engineering-AI-CEAI,https://github.com/aprameyak/2027-tech-jobs,official verification cached,2026-07-21T03:25:08.347Z,2026-07-20,2026-07-20,2026-07-13,,microsoft|discovery_feed,discovery_feed,,P1
Old Mission Capital,Quantitative Trader – 2027 Graduate Program (February Start),"Chicago, IL; New York, NY",New Grad,Software / AI / ML,,2027 new grad recruiting cycle,https://www.oldmissioncapital.com/careers?gh_jid=7796031003,https://www.oldmissioncapital.com/careers?gh_jid=7796031003,https://github.com/aprameyak/2027-tech-jobs,official verification cached,2026-07-21T03:25:08.490Z,2026-07-20,2026-07-20,2026-07-13,,old mission capital|discovery_feed,discovery_feed,,P0
Old Mission Capital,Software Engineer – 2027 Graduate Program (August Start),"Chicago, IL",New Grad,Software / AI / ML,,2027 new grad recruiting cycle,https://www.oldmissioncapital.com/careers?gh_jid=7796048003,https://www.oldmissioncapital.com/careers?gh_jid=7796048003,https://github.com/aprameyak/2027-tech-jobs,official verification cached,2026-07-21T03:25:08.707Z,2026-07-20,2026-07-20,2026-07-13,,old mission capital|discovery_feed,discovery_feed,,P0
Salesforce,Software Engineering AMTS (College Grad),"San Francisco, CA; Palo Alto, CA; Indianapolis, IN; Seattle, WA; Bellevue, WA; Dallas, TX",New Grad,Software / AI / ML,"$110,000 - $153,000 annually",2027 new grad recruiting cycle,https://salesforce.wd12.myworkdayjobs.com/External_Career_Site/job/California---San-Francisco/Software-Engineering-AMTS-MTS--College-Grad-_JR330400-1,https://salesforce.wd12.myworkdayjobs.com/External_Career_Site/job/California---San-Francisco/Software-Engineering-AMTS-MTS--College-Grad-_JR330400-1,https://github.com/aprameyak/2027-tech-jobs,official verification cached,2026-07-21T03:20:18.785Z,2026-07-20,2026-07-20,2026-07-13,,salesforce|discovery_feed,discovery_feed,,P1
xAI,Software Engineer - Internal Tools,"Palo Alto, CA",New Grad,Software / AI / ML,,New grad or university grad,https://job-boards.greenhouse.io/xai/jobs/5052038007,https://x.ai/careers,,,,2026-07-13,2026-07-20,,,xai|greenhouse,greenhouse,2026-07-20T16:42:59-04:00,P1
Jump Trading,Campus Quantitative Trader (Full-Time),"Chicago, IL; New York, NY",New Grad,Software / AI / ML,,2027 new grad recruiting cycle,https://www.jumptrading.com/hr/job?gh_jid=7982619,https://www.jumptrading.com/hr/job?gh_jid=7982619,https://github.com/aprameyak/2027-tech-jobs,official verification cached,2026-07-21T03:25:08.894Z,2026-07-20,2026-07-20,2026-07-11,,jump trading|discovery_feed,discovery_feed,,P1
Jump Trading,Campus Software Engineer (Full-Time),"Chicago, IL",New Grad,Software / AI / ML,,2027 new grad recruiting cycle,https://www.jumptrading.com/hr/job?gh_jid=8000835,https://www.jumptrading.com/hr/job?gh_jid=8000835,https://github.com/aprameyak/2027-tech-jobs,official verification cached,2026-07-21T03:25:08.827Z,2026-07-20,2026-07-20,2026-07-11,,jump trading|discovery_feed,discovery_feed,,P1
Aurora Innovation,Software Engineer I,"Mountain View, CA; Pittsburgh, PA",New Grad,Software / AI / ML,,2027 new grad recruiting cycle,https://aurora.tech/careers/8209480002,https://aurora.tech/careers/8209480002,https://github.com/aprameyak/2027-tech-jobs,official verification cached,2026-07-21T03:25:09.511Z,2026-07-20,2026-07-20,2026-07-10,,aurora innovation|discovery_feed,discovery_feed,,P1
Boerboel,Quantitative Researcher,"Chicago, IL; New York, NY",New Grad,Software / AI / ML,,2027 new grad recruiting cycle,https://www.boerboeltrading.com/jobs.html?gh_jid=5681668004,https://www.boerboeltrading.com/jobs.html?gh_jid=5681668004,https://github.com/aprameyak/2027-tech-jobs,official verification cached,2026-07-21T03:25:09.592Z,2026-07-20,2026-07-20,2026-07-10,,boerboel|discovery_feed,discovery_feed,,P1
Commure,Software Engineer,"Mountain View, CA",New Grad,Software / AI / ML,,2027 new grad recruiting cycle,https://jobs.ashbyhq.com/Commure-Athelas/00dbfa4a-986c-4c98-a966-47874d1ff0f8,https://jobs.ashbyhq.com/Commure-Athelas/00dbfa4a-986c-4c98-a966-47874d1ff0f8,https://github.com/aprameyak/2027-tech-jobs,official verification cached,2026-07-21T03:25:09.468Z,2026-07-20,2026-07-20,2026-07-10,,commure|discovery_feed,discovery_feed,,P1
Decagon,Software Engineer,"San Francisco, CA",New Grad,Software / AI / ML,,2027 new grad recruiting cycle,https://jobs.ashbyhq.com/decagon/2a435dd5-1212-42bb-ae5a-d7432902acd2,https://jobs.ashbyhq.com/decagon/2a435dd5-1212-42bb-ae5a-d7432902acd2,https://github.com/aprameyak/2027-tech-jobs,official verification cached,2026-07-21T03:25:09.624Z,2026-07-20,2026-07-20,2026-07-10,,decagon|discovery_feed,discovery_feed,,P1
Duolingo,Software Engineer,"Pittsburgh, PA",New Grad,Software / AI / ML,,2027 new grad recruiting cycle,https://careers.duolingo.com/jobs/8155283002,https://careers.duolingo.com/jobs/8155283002,https://github.com/aprameyak/2027-tech-jobs,official verification cached,2026-07-21T03:25:09.783Z,2026-07-20,2026-07-20,2026-07-10,,duolingo|discovery_feed,discovery_feed,,P1
Edgehog Trading,"C++ Software Developer, Trading Strategy Execution","Chicago, IL",New Grad,Software / AI / ML,,2027 new grad recruiting cycle,https://ats.rippling.com/en-CA/edgehog-trading/jobs/a39cf004-d79c-4588-9a5f-6bdce04a85ee,https://ats.rippling.com/en-CA/edgehog-trading/jobs/a39cf004-d79c-4588-9a5f-6bdce04a85ee,https://github.com/aprameyak/2027-tech-jobs,official verification cached,2026-07-21T03:25:10.315Z,2026-07-20,2026-07-20,2026-07-10,,edgehog trading|discovery_feed,discovery_feed,,P1
Ellipsis Labs,Software Engineer,"New York, NY",New Grad,Software / AI / ML,,2027 new grad recruiting cycle,https://jobs.ashbyhq.com/ellipsislabs/caa49297-d5a3-4d03-b8c9-bdc7b77fb0bb/application,https://jobs.ashbyhq.com/ellipsislabs/caa49297-d5a3-4d03-b8c9-bdc7b77fb0bb/application,https://github.com/aprameyak/2027-tech-jobs,official verification cached,2026-07-21T03:25:09.720Z,2026-07-20,2026-07-20,2026-07-10,,ellipsis labs|discovery_feed,discovery_feed,,P1
Gecko Robotics,"Software Engineer, New Graduate Rotational Program","Boston, MA; New York, NY",New Grad,Software / AI / ML,,2027 new grad recruiting cycle,https://jobs.ashbyhq.com/gecko-robotics/7d9ce912-14c3-405b-9f8a-7f261fe8230d/application,https://jobs.ashbyhq.com/gecko-robotics/7d9ce912-14c3-405b-9f8a-7f261fe8230d/application,https://github.com/aprameyak/2027-tech-jobs,official verification cached,2026-07-21T03:25:09.777Z,2026-07-20,2026-07-20,2026-07-10,,gecko robotics|discovery_feed,discovery_feed,,P0
Harvey,Software Engineer,"San Francisco, CA",New Grad,Software / AI / ML,,2027 new grad recruiting cycle,https://jobs.ashbyhq.com/harvey/fe8e594b-f2e1-453b-8a0d-e0b0bfdf745b,https://jobs.ashbyhq.com/harvey/fe8e594b-f2e1-453b-8a0d-e0b0bfdf745b,https://github.com/aprameyak/2027-tech-jobs,official verification cached,2026-07-21T03:25:09.812Z,2026-07-20,2026-07-20,2026-07-10,,harvey|discovery_feed,discovery_feed,,P1
Intuit,Software Engineer 1,"Mountain View, CA",New Grad,Software / AI / ML,,2027 new grad recruiting cycle,https://jobs.intuit.com/job/-/-/27595/87369448720,https://jobs.intuit.com/job/-/-/27595/87369448720,https://github.com/aprameyak/2027-tech-jobs,official verification cached,2026-07-21T03:20:18.782Z,2026-07-20,2026-07-20,2026-07-10,,intuit|discovery_feed,discovery_feed,,P1
IXL Learning,Software Engineer,"Raleigh, NC",New Grad,Software / AI / ML,,2027 new grad recruiting cycle,https://www.ixl.com/company/careers?gh_jid=8364780002,https://www.ixl.com/company/careers?gh_jid=8364780002,https://github.com/aprameyak/2027-tech-jobs,official verification cached,2026-07-21T03:25:10.034Z,2026-07-20,2026-07-20,2026-07-10,,ixl learning|discovery_feed,discovery_feed,,P1
Nextdoor,Machine Learning Engineer,"Dallas, TX",New Grad,Software / AI / ML,,2027 new grad recruiting cycle,https://about.nextdoor.com/careers-list?gh_jid=7264954,https://about.nextdoor.com/careers-list?gh_jid=7264954,https://github.com/aprameyak/2027-tech-jobs,official verification cached,2026-07-21T03:25:10.138Z,2026-07-20,2026-07-20,2026-07-10,,nextdoor|discovery_feed,discovery_feed,,P1
Notion,"Software Engineer, Fullstack, Early Career","New York, NY; San Francisco, CA",New Grad,Software / AI / ML,,2027 new grad recruiting cycle,https://jobs.ashbyhq.com/notion/f7399542-9122-481a-bf64-43bf8093748b,https://jobs.ashbyhq.com/notion/f7399542-9122-481a-bf64-43bf8093748b,https://github.com/aprameyak/2027-tech-jobs,official verification cached,2026-07-21T03:25:09.969Z,2026-07-20,2026-07-20,2026-07-10,,notion|discovery_feed,discovery_feed,,P0
Notion,"Software Engineer, Infrastructure, Early Career","New York, NY; San Francisco, CA",New Grad,Software / AI / ML,,2027 new grad recruiting cycle,https://jobs.ashbyhq.com/notion/add58865-8b9f-4cf7-9720-2908ba5f4d80,https://jobs.ashbyhq.com/notion/add58865-8b9f-4cf7-9720-2908ba5f4d80,https://github.com/aprameyak/2027-tech-jobs,official verification cached,2026-07-21T03:25:09.948Z,2026-07-20,2026-07-20,2026-07-10,,notion|discovery_feed,discovery_feed,,P0
Parafin,Software Engineer,"San Francisco, CA",New Grad,Software / AI / ML,,2027 new grad recruiting cycle,https://jobs.ashbyhq.com/parafin/ced48a0b-f5ed-491a-ae38-2301fb881bd9/application,https://jobs.ashbyhq.com/parafin/ced48a0b-f5ed-491a-ae38-2301fb881bd9/application,https://github.com/aprameyak/2027-tech-jobs,official verification cached,2026-07-21T03:25:10.118Z,2026-07-20,2026-07-20,2026-07-10,,parafin|discovery_feed,discovery_feed,,P1
PayPal,Software Engineer,"Austin, TX; Chicago, IL; Omaha, NE; San Jose, CA; Scottsdale, AZ",New Grad,Software / AI / ML,,2027 new grad recruiting cycle,https://paypal.eightfold.ai/careers/job/274908747686,https://paypal.eightfold.ai/careers/job/274908747686,https://github.com/aprameyak/2027-tech-jobs,official verification cached,2026-07-21T03:25:10.665Z,2026-07-20,2026-07-20,2026-07-10,,paypal|discovery_feed,discovery_feed,,P1
Persona,Software Engineer,"San Francisco, CA",New Grad,Software / AI / ML,,2027 new grad recruiting cycle,https://jobs.ashbyhq.com/persona/fd4d41b2-42b4-454e-91ad-d61fdc6a0042/application,https://jobs.ashbyhq.com/persona/fd4d41b2-42b4-454e-91ad-d61fdc6a0042/application,https://github.com/aprameyak/2027-tech-jobs,official verification cached,2026-07-21T03:25:10.076Z,2026-07-20,2026-07-20,2026-07-10,,persona|discovery_feed,discovery_feed,,P1
Samsara,Software Engineer,"San Francisco, CA",New Grad,Software / AI / ML,,2027 new grad recruiting cycle,https://www.samsara.com/company/careers/roles/7172579,https://www.samsara.com/company/careers/roles/7172579,https://github.com/aprameyak/2027-tech-jobs,official verification cached,2026-07-21T03:25:10.688Z,2026-07-20,2026-07-20,2026-07-10,,samsara|discovery_feed,discovery_feed,,P1
Sierra,"Software Engineer, Agent","New York, NY; San Francisco, CA",New Grad,Software / AI / ML,,2027 new grad recruiting cycle,https://jobs.ashbyhq.com/Sierra/ce2ae656-714c-4a6c-a020-fe418f868075,https://jobs.ashbyhq.com/Sierra/ce2ae656-714c-4a6c-a020-fe418f868075,https://github.com/aprameyak/2027-tech-jobs,official verification cached,2026-07-21T03:25:10.259Z,2026-07-20,2026-07-20,2026-07-10,,sierra|discovery_feed,discovery_feed,,P1
SpaceX,"New Graduate Engineer, Software","Hawthorne, CA",New Grad,Software / AI / ML,"$125,000.00 - $145,000.00",2027 new grad recruiting cycle,https://boards.greenhouse.io/spacex/jobs/8493079002?gh_jid=8493079002,https://boards.greenhouse.io/spacex/jobs/8493079002?gh_jid=8493079002,https://github.com/aprameyak/2027-tech-jobs,official verification cached,2026-07-21T03:20:18.774Z,2026-07-05,2026-07-20,2026-07-10,,spacex|discovery_feed,discovery_feed,,P0
SpaceX,"New Graduate Engineer, Software (Starlink)","Bastrop, TX",New Grad,Software / AI / ML,,2027 new grad recruiting cycle,https://boards.greenhouse.io/spacex/jobs/8399140002?gh_jid=8399140002,https://boards.greenhouse.io/spacex/jobs/8399140002?gh_jid=8399140002,https://github.com/aprameyak/2027-tech-jobs,official verification cached,2026-07-21T03:20:18.774Z,2026-07-05,2026-07-20,2026-07-10,,spacex|discovery_feed,discovery_feed,,P0
SpiderRock,Software Engineer,"Chicago, IL",New Grad,Software / AI / ML,,2027 new grad recruiting cycle,https://workforcenow.adp.com/mascsr/default/mdf/recruitment/recruitment.html?jobId=560273,https://workforcenow.adp.com/mascsr/default/mdf/recruitment/recruitment.html?jobId=560273,https://github.com/aprameyak/2027-tech-jobs,official verification cached,2026-07-21T03:25:10.605Z,2026-07-20,2026-07-20,2026-07-10,,spiderrock|discovery_feed,discovery_feed,,P1
StubHub,Software Engineer I,"Santa Monica, CA",New Grad,Software / AI / ML,,2027 new grad recruiting cycle,https://job-boards.eu.greenhouse.io/stubhubinc/jobs/4749965101,https://job-boards.eu.greenhouse.io/stubhubinc/jobs/4749965101,https://github.com/aprameyak/2027-tech-jobs,official verification cached,2026-07-21T03:25:10.927Z,2026-07-20,2026-07-20,2026-07-10,,stubhub|discovery_feed,discovery_feed,,P1
Suno,"Software Engineer, Early Career","Boston, MA; New York, NY",New Grad,Software / AI / ML,,2027 new grad recruiting cycle,https://jobs.ashbyhq.com/suno/991c9785-9bd5-499a-98aa-146e8c947752,https://jobs.ashbyhq.com/suno/991c9785-9bd5-499a-98aa-146e8c947752,https://github.com/aprameyak/2027-tech-jobs,official verification cached,2026-07-21T03:25:10.429Z,2026-07-20,2026-07-20,2026-07-10,,suno|discovery_feed,discovery_feed,,P0
Twitch,Software Engineer I,"San Francisco, CA; Seattle, WA",New Grad,Software / AI / ML,"$110,500 - $160,000 USD",2027 new grad recruiting cycle,https://job-boards.greenhouse.io/twitch/jobs/8457711002,https://job-boards.greenhouse.io/twitch/jobs/8457711002,https://github.com/aprameyak/2027-tech-jobs,official verification cached,2026-07-21T03:20:18.783Z,2026-07-20,2026-07-20,2026-07-10,,twitch|discovery_feed,discovery_feed,,P1
Uber,Software Engineer I,"San Francisco, CA; Seattle, WA",New Grad,Software / AI / ML,,2027 new grad recruiting cycle,https://jobs.uber.com/en/jobs/160017,https://jobs.uber.com/en/jobs/160017,https://github.com/aprameyak/2027-tech-jobs,official verification cached,2026-07-21T03:25:11.168Z,2026-07-20,2026-07-20,2026-07-10,,uber|discovery_feed,discovery_feed,,P1
Boeing,Entry-Level Simulation Software Engineer,"USA - Berkeley, MO; USA - Hazelwood, MO",New Grad,Software / AI / ML,"$78,200 - $105,800",Early career,https://boeing.wd1.myworkdayjobs.com/EXTERNAL_CAREERS/job/USA---Berkeley-MO/Entry-Level-Simulation-Software-Engineer_JR2026516853-1,https://jobs.boeing.com/,,,,2026-07-09,2026-07-10,,,,,Posted 3 Days Ago,P0
Palantir,"Forward Deployed Software Engineer, New Grad - Commercial","New York, NY",New Grad,Software / AI / ML,"$135,000 - $145,000/year",2027 new grad recruiting cycle,https://jobs.lever.co/palantir/2e6b0ac8-83e9-4be5-a3aa-cf319f751728,https://jobs.lever.co/palantir/2e6b0ac8-83e9-4be5-a3aa-cf319f751728,https://github.com/aprameyak/2027-tech-jobs,official verification cached,2026-07-21T03:20:18.773Z,2026-07-05,2026-07-20,2026-07-09,,palantir|discovery_feed,discovery_feed,,P0
Palantir,"Software Engineer, New Grad","New York, NY",New Grad,Software / AI / ML,"$145,000 - $155,000/year",2027 new grad recruiting cycle,https://jobs.lever.co/palantir/94984771-0704-446c-88c6-91ce748f6d92,https://jobs.lever.co/palantir/94984771-0704-446c-88c6-91ce748f6d92,https://github.com/aprameyak/2027-tech-jobs,official verification cached,2026-07-21T03:20:18.772Z,2026-07-05,2026-07-20,2026-07-09,,palantir|discovery_feed,discovery_feed,,P0
Palantir,"Software Engineer, New Grad - Defense","New York, NY",New Grad,Software / AI / ML,"$145,000 - $155,000/year",2027 new grad recruiting cycle,https://jobs.lever.co/palantir/0a838e66-1ab0-4fc4-b4d3-4671c0352278,https://jobs.lever.co/palantir/0a838e66-1ab0-4fc4-b4d3-4671c0352278,https://github.com/aprameyak/2027-tech-jobs,official verification cached,2026-07-21T03:20:18.772Z,2026-07-05,2026-07-20,2026-07-09,,palantir|discovery_feed,discovery_feed,,P0
Palantir,"Software Engineer, New Grad - Infrastructure","New York, NY",New Grad,Software / AI / ML,"$145,000 - $155,000/year",2027 new grad recruiting cycle,https://jobs.lever.co/palantir/4abf26b4-795c-420a-bf22-1ab98db268b4,https://jobs.lever.co/palantir/4abf26b4-795c-420a-bf22-1ab98db268b4,https://github.com/aprameyak/2027-tech-jobs,official verification cached,2026-07-21T03:20:18.772Z,2026-07-05,2026-07-20,2026-07-09,,palantir|discovery_feed,discovery_feed,,P0
Palantir,"Forward Deployed Software Engineer, New Grad - Commercial","Chicago, IL",New Grad,Software / AI / ML,"$135,000 - $145,000/year",2027 new grad recruiting cycle,https://jobs.lever.co/palantir/e500bcf3-19d8-4d3c-b340-4d76e4a55b40,https://jobs.lever.co/palantir/e500bcf3-19d8-4d3c-b340-4d76e4a55b40,https://github.com/aprameyak/2027-tech-jobs,official verification cached,2026-07-21T03:20:18.770Z,2026-07-05,2026-07-20,2026-07-08,,palantir|discovery_feed,discovery_feed,,P0
Palantir,"Forward Deployed Software Engineer, New Grad - US Government","New York, NY",New Grad,Software / AI / ML,"$135,000 - $145,000/year",2027 new grad recruiting cycle,https://jobs.lever.co/palantir/d1ac83d0-e923-42a5-8e6d-58dd0cab25ca,https://jobs.lever.co/palantir/d1ac83d0-e923-42a5-8e6d-58dd0cab25ca,https://github.com/aprameyak/2027-tech-jobs,official verification cached,2026-07-21T03:20:18.770Z,2026-07-05,2026-07-20,2026-07-08,,palantir|discovery_feed,discovery_feed,,P0
Palantir,"Software Engineer, New Grad","Denver, CO",New Grad,Software / AI / ML,"$145,000 - $155,000/year",2027 new grad recruiting cycle,https://jobs.lever.co/palantir/c34b424e-caf2-455a-b104-ae1096ccca29,https://jobs.lever.co/palantir/c34b424e-caf2-455a-b104-ae1096ccca29,https://github.com/aprameyak/2027-tech-jobs,official verification cached,2026-07-21T03:20:18.768Z,2026-07-05,2026-07-20,2026-07-08,,palantir|discovery_feed,discovery_feed,,P0
Palantir,"Software Engineer, New Grad - Defense","Palo Alto, CA",New Grad,Software / AI / ML,"$145,000 - $155,000/year",2027 new grad recruiting cycle,https://jobs.lever.co/palantir/f362d7aa-360d-4059-ab38-f482742693b3,https://jobs.lever.co/palantir/f362d7aa-360d-4059-ab38-f482742693b3,https://github.com/aprameyak/2027-tech-jobs,official verification cached,2026-07-21T03:20:18.768Z,2026-07-05,2026-07-20,2026-07-08,,palantir|discovery_feed,discovery_feed,,P0
Palantir,"Software Engineer, New Grad - Infrastructure","Palo Alto, CA",New Grad,Software / AI / ML,"$145,000 - $155,000/year",2027 new grad recruiting cycle,https://jobs.lever.co/palantir/7d75bed5-45d8-4876-840a-2d92ea79c98d,https://jobs.lever.co/palantir/7d75bed5-45d8-4876-840a-2d92ea79c98d,https://github.com/aprameyak/2027-tech-jobs,official verification cached,2026-07-21T03:20:18.768Z,2026-07-05,2026-07-20,2026-07-08,,palantir|discovery_feed,discovery_feed,,P0
Palantir,"Software Engineer, New Grad - Production Infrastructure","New York, NY",New Grad,Software / AI / ML,"$145,000 - $155,000/year",2027 new grad recruiting cycle,https://jobs.lever.co/palantir/e1a6c138-98bf-45e2-97f7-2c70371cc38a,https://jobs.lever.co/palantir/e1a6c138-98bf-45e2-97f7-2c70371cc38a,https://github.com/aprameyak/2027-tech-jobs,official verification cached,2026-07-21T03:20:18.768Z,2026-07-05,2026-07-20,2026-07-08,,palantir|discovery_feed,discovery_feed,,P0
Palantir,"Software Engineer, New Grad - Production Infrastructure","Seattle, WA",New Grad,Software / AI / ML,"$145,000 - $155,000/year",2027 new grad recruiting cycle,https://jobs.lever.co/palantir/4d5a144e-87ea-45e2-a68c-3fad590629af,https://jobs.lever.co/palantir/4d5a144e-87ea-45e2-a68c-3fad590629af,https://github.com/aprameyak/2027-tech-jobs,official verification cached,2026-07-21T03:20:18.768Z,2026-07-05,2026-07-20,2026-07-08,,palantir|discovery_feed,discovery_feed,,P0
Affirm,"Software Engineer, Early Career","San Francisco, CA",New Grad,Software / AI / ML,,2027 new grad recruiting cycle,https://job-boards.greenhouse.io/affirm/jobs/7485068003,https://job-boards.greenhouse.io/affirm/jobs/7485068003,https://github.com/aprameyak/2027-tech-jobs,official verification cached,2026-07-21T03:25:11.394Z,2026-07-20,2026-07-20,2026-07-07,,affirm|discovery_feed,discovery_feed,,P0
Anduril,2027 Early Career Software Engineer,"Atlanta, GA; Boston, MA; Costa Mesa, CA; Irvine, CA; Reston, VA; Seattle, WA",New Grad,Software / AI / ML,"$112,000 - $149,000 USD",2027 new grad recruiting cycle,https://boards.greenhouse.io/andurilindustries/jobs/5162263007?gh_jid=5162263007,https://boards.greenhouse.io/andurilindustries/jobs/5162263007?gh_jid=5162263007,https://github.com/aprameyak/2027-tech-jobs,official verification cached,2026-07-21T03:20:18.767Z,2026-07-05,2026-07-20,2026-07-07,,anduril|discovery_feed,discovery_feed,,P0
Aquatic,"Quantitative Researcher, Early Career","Chicago, IL; New York, NY",New Grad,Software / AI / ML,"$150,000",2027 new grad recruiting cycle,https://job-boards.greenhouse.io/aquaticcapitalmanagement/jobs/8489150002,https://job-boards.greenhouse.io/aquaticcapitalmanagement/jobs/8489150002,https://github.com/aprameyak/2027-tech-jobs,official verification cached,2026-07-21T03:20:18.767Z,2026-07-20,2026-07-20,2026-07-07,,aquatic|discovery_feed,discovery_feed,,P0
Aquatic,"Software Engineer, Early Career","Chicago, IL; New York, NY",New Grad,Software / AI / ML,"$150,000",2027 new grad recruiting cycle,https://job-boards.greenhouse.io/aquaticcapitalmanagement/jobs/8489226002,https://job-boards.greenhouse.io/aquaticcapitalmanagement/jobs/8489226002,https://github.com/aprameyak/2027-tech-jobs,official verification cached,2026-07-21T03:20:18.767Z,2026-07-20,2026-07-20,2026-07-07,,aquatic|discovery_feed,discovery_feed,,P0
IMC Trading,"Software Engineer, Early Career","Chicago, IL",New Grad,Software / AI / ML,"$200,000",2027 new grad recruiting cycle,https://job-boards.eu.greenhouse.io/imc/jobs/4577504101,https://job-boards.eu.greenhouse.io/imc/jobs/4577504101,https://github.com/aprameyak/2027-tech-jobs,official verification cached,2026-07-21T03:20:18.766Z,2026-07-08,2026-07-20,2026-07-07,,imc trading|discovery_feed,discovery_feed,,P0
Nuro,"Software Engineer, AI Platform - New Grad","Mountain View, CA",New Grad,Software / AI / ML,,2027 new grad recruiting cycle,https://nuro.ai/careersitem?gh_jid=7351066,https://nuro.ai/careersitem?gh_jid=7351066,https://github.com/aprameyak/2027-tech-jobs,official verification cached,2026-07-21T03:25:12.339Z,2026-07-20,2026-07-20,2026-07-07,,nuro|discovery_feed,discovery_feed,,P0
Nuro,"Software Engineer, Performance - New Grad","Mountain View, CA",New Grad,Software / AI / ML,,2027 new grad recruiting cycle,https://nuro.ai/careersitem?gh_jid=7978432,https://nuro.ai/careersitem?gh_jid=7978432,https://github.com/aprameyak/2027-tech-jobs,official verification cached,2026-07-21T03:25:12.309Z,2026-07-20,2026-07-20,2026-07-07,,nuro|discovery_feed,discovery_feed,,P0
PlanetScale,Software Engineer - Postgres Internals,"San Francisco, CA",New Grad,Software / AI / ML,,2027 new grad recruiting cycle,https://job-boards.greenhouse.io/planetscale/jobs/4257174009,https://job-boards.greenhouse.io/planetscale/jobs/4257174009,https://github.com/aprameyak/2027-tech-jobs,official verification cached,2026-07-21T03:25:12.008Z,2026-07-20,2026-07-20,2026-07-07,,planetscale|discovery_feed,discovery_feed,,P1
Tower Research Capital,Quantitative Trader - 2027,"New York, NY; Chicago, IL",New Grad,Software / AI / ML,,2027 new grad recruiting cycle,https://www.tower-research.com/open-positions?gh_jid=8024142,https://www.tower-research.com/open-positions?gh_jid=8024142,https://github.com/aprameyak/2027-tech-jobs,official verification cached,2026-07-21T03:25:11.991Z,2026-07-20,2026-07-20,2026-07-07,,tower research capital|discovery_feed,discovery_feed,,P1
RTX,"Leadership Development Program - Engineering, Software (Starts June 2027)","arlington, Virginia, United States of America",New Grad,Software / AI / ML,,2027 grad eligible,https://globalhr.wd5.myworkdayjobs.com/REC_RTX_Ext_Gateway/job/US-VA-ARLINGTON-1000--1000-Wilson-Blvd--WILSON-Fl-23/Leadership-Development-Program---Engineering--Software--Starts-June-2027-_01853289-1/apply,https://careers.rtx.com/global/en/search-results,,,,2026-07-09,2026-07-20,2026-07-06,,rtx|phenom,phenom,2026-07-07T00:00:00.000+0000,P0
RTX,"Leadership Development Program - Engineering, Systems (Starts June 2027)","arlington, Virginia, United States of America",New Grad,Software / AI / ML,,2027 grad eligible,https://globalhr.wd5.myworkdayjobs.com/REC_RTX_Ext_Gateway/job/US-VA-ARLINGTON-1000--1000-Wilson-Blvd--WILSON-Fl-23/Leadership-Development-Program---Engineering--Systems--Starts-June-2027-_01853288-1/apply,https://careers.rtx.com/global/en/search-results,,,,2026-07-09,2026-07-20,2026-07-06,,rtx|phenom,phenom,2026-07-07T00:00:00.000+0000,P0
Boeing,Entry-Level Systems Engineer (Digital Comm & Networks Sys Engrg),"USA - El Segundo, CA",New Grad,Software / AI / ML,"$79,050 - $106,950",Early career,https://boeing.wd1.myworkdayjobs.com/EXTERNAL_CAREERS/job/USA---El-Segundo-CA/Entry-Level-Systems-Engineer--Digital-Comm---Networks-Sys-Engrg-_JR2026510769-1,https://jobs.boeing.com/,,,,2026-07-20,2026-07-20,2026-06-29,2026-07-22,boeing|workday,workday,Posted 21 Days Ago,P0
Notion,"Software Engineer, New Grad (AI)","San Francisco, California",New Grad,Software / AI / ML,"$126,000-$146,000",New grad or university grad,https://jobs.ashbyhq.com/notion/7e6dc7fe-7ddd-42c1-8928-13f7bddb9ec9,https://www.notion.com/careers,,,,2026-07-09,2026-07-20,2026-04-27,,notion|ashby,ashby,2026-04-27T16:15:40.996+00:00,P0
CrowdStrike,"Engineer I, Data Scientist - New Grad (Hybrid)","USA - Sunnyvale, CA",New Grad,Data Science,"$90,000 - $125,000 per year",New grad or university grad,https://crowdstrike.wd5.myworkdayjobs.com/crowdstrikecareers/job/USA---Sunnyvale-CA/Engineer-I--Data-Scientist---New-Grad--Hybrid-_R29382-1,https://www.crowdstrike.com/en-us/careers/,,,,2026-07-20,2026-07-20,2026-07-20,,crowdstrike|workday,workday,Posted Today,P0
Bank of America,Quantitative Data Analyst Summer Analyst,"Atlanta, GA; Charlotte, NC; Chicago, IL; New York, NY",New Grad,Data Science,,2027 new grad recruiting cycle,https://careers.bankofamerica.com/en-us/students/job-detail/14420/quantitative-data-analyst-summer-analyst-program-multiple-locations,https://careers.bankofamerica.com/en-us/students/job-detail/14420/quantitative-data-analyst-summer-analyst-program-multiple-locations,https://github.com/aprameyak/2027-tech-jobs,official verification cached,2026-07-21T03:20:18.787Z,2026-07-20,2026-07-20,2026-07-14,,bank of america|discovery_feed,discovery_feed,,P1
Duolingo,Data Scientist,"Pittsburgh, PA",New Grad,Data Science,,2027 new grad recruiting cycle,https://careers.duolingo.com/jobs/8162849002,https://careers.duolingo.com/jobs/8162849002,https://github.com/aprameyak/2027-tech-jobs,official verification cached,2026-07-21T03:25:09.795Z,2026-07-20,2026-07-20,2026-07-10,,duolingo|discovery_feed,discovery_feed,,P1
IMC Trading,Graduate Hardware Engineer,"Chicago, IL",New Grad,Mechanical Engineering,"$200,000",2027 new grad recruiting cycle,https://job-boards.eu.greenhouse.io/imc/jobs/4823805101,https://job-boards.eu.greenhouse.io/imc/jobs/4823805101,https://github.com/aprameyak/2027-tech-jobs,official verification cached,2026-07-21T03:20:18.795Z,2026-07-05,2026-07-20,2026-07-18,,imc trading|discovery_feed,discovery_feed,,P0
RTX,Mechanical Engineer I (On-site),"marlborough, Massachusetts, United States of America",New Grad,Mechanical Engineering,,Early career,https://globalhr.wd5.myworkdayjobs.com/REC_RTX_Ext_Gateway/job/US-MA-MARLBOROUGH-MA1--1001-Boston-Post-Rd--BLDG-1/Mechanical-Engineer-I--On-site-_01859722/apply,https://careers.rtx.com/global/en/search-results,,,,2026-07-16,2026-07-20,2026-07-14,,rtx|phenom,phenom,2026-07-15T00:00:00.000+0000,P1
Hermeus,"Manufacturing Engineer, New Grad","Los Angeles, CA",New Grad,Mechanical Engineering,,New grad or university grad,https://jobs.lever.co/hermeus/d4adbb25-8f9c-4dc0-92dc-958355babd43,https://www.hermeus.com/careers,,,,2026-07-10,2026-07-20,,,hermeus|lever,lever,2026-06-24T15:17:23.935Z,P0
Blue Origin,Manufacturing Engineer I - Early Career,"Van Horn, TX",New Grad,Mechanical Engineering,,Early career,https://blueorigin.wd5.myworkdayjobs.com/BlueOrigin/job/Van-Horn-TX/Manufacturing-Engineer-I---Early-Career_R52967,https://www.blueorigin.com/careers/search,,,,2026-07-09,2026-07-20,,,blue origin|workday,workday,Posted 30+ Days Ago,P0
Marvell,Design for Test Engineer - Early Career,"Westborough, MA",New Grad,Mechanical Engineering,,Early career,https://marvell.wd1.myworkdayjobs.com/MarvellCareers/job/Westborough-MA/Design-for-Test-Engineer---Early-Career_2601055,https://www.marvell.com/company/careers.html,,,,2026-07-09,2026-07-14,,,marvell|workday,workday,Posted 30+ Days Ago,P0
SpaceX,"Mechanical Engineer, Fluid Systems (Design & Build)","McGregor, TX",New Grad,Mechanical Engineering,,Early career,https://boards.greenhouse.io/spacex/jobs/8578082002?gh_jid=8578082002,https://www.spacex.com/careers/jobs/,,,,2026-07-09,2026-07-20,,,spacex|greenhouse,greenhouse,2026-07-20T18:01:23-04:00,P0
Anduril,2027 Early Career Manufacturing Engineer,"Atlanta, Georgia, United States; Boston, Massachusetts, United States; Costa Mesa, California, United States; Irvine, California, United States; Seattle, Washington, United States",New Grad,Mechanical Engineering,"$86,000 - $114,000 USD",2027 grad eligible,https://boards.greenhouse.io/andurilindustries/jobs/5136970007?gh_jid=5136970007,https://www.anduril.com/careers/,,,,2026-07-05,2026-07-20,,,anduril|greenhouse,greenhouse,2026-07-17T23:37:11-04:00,P0
Anduril,2027 Early Career Mechanical Engineer,"Atlanta, Georgia, United States; Boston, Massachusetts, United States; Costa Mesa, California, United States; Irvine, California, United States; Reston, Virginia, United States; Seattle, Washington, United States",New Grad,Mechanical Engineering,"$86,000 - $114,000 USD",2027 grad eligible,https://boards.greenhouse.io/andurilindustries/jobs/5136984007?gh_jid=5136984007,https://www.anduril.com/careers/,,,,2026-07-05,2026-07-20,,,anduril|greenhouse,greenhouse,2026-07-17T23:37:11-04:00,P0
Boeing,"Entry Level or Associate Design, Analysis and Test Engineer **Sign on Bonus Potential**","USA - Berkeley, MO; USA - Hazelwood, MO; USA - Mascoutah, IL",New Grad,Mechanical Engineering,"$73,950 - $100,050",Early career,https://boeing.wd1.myworkdayjobs.com/EXTERNAL_CAREERS/job/USA---Berkeley-MO/Entry-Level-or-Experienced-Design--Analysis-and-Test-Engineer---Sign-on-Bonus-Potential--_JR2026510865,https://jobs.boeing.com/,,,,2026-07-13,2026-07-20,2026-06-15,2026-11-20,boeing|workday,workday,Posted 30+ Days Ago,P0
HPE,Electrical Hardware Engineer – HPC/AI Platform Engineering - Early Career,"Spring, Texas, United States of America",New Grad,Mechanical Engineering,,Early career,https://careers.hpe.com/us/en/job/1207422/Electrical-Hardware-Engineer-HPC-AI-Platform-Engineering-Early-Career,https://careers.hpe.com/us/en/search-results,,,,2026-07-09,2026-07-20,2026-06-04,,hpe|sitemap_jobs,sitemap_jobs,,P0
HPE,Electrical Hardware Engineer – HPC/AI Platform Engineering - Early Career,"Spring, Texas, United States of America",New Grad,Mechanical Engineering,,Early career,https://careers.hpe.com/us/en/job/1206917/Electrical-Hardware-Engineer-HPC-AI-Platform-Engineering-Early-Career,https://careers.hpe.com/us/en/search-results,,,,2026-07-09,2026-07-20,2026-05-25,,hpe|sitemap_jobs,sitemap_jobs,,P0
Boeing,Associate Avionics Systems Service Engineer (Entry-Level or Associate),"USA - Seal Beach, CA",New Grad,Aerospace Engineering,"$79,050 - $106,950",Early career,https://boeing.wd1.myworkdayjobs.com/EXTERNAL_CAREERS/job/USA---Seal-Beach-CA/Associate-Avionics-Systems-Service-Engineer--Entry-Level-or-Associate-_JR2026515614,https://jobs.boeing.com/,,,,2026-07-20,2026-07-20,2026-07-20,2026-07-22,boeing|workday,workday,Posted Today,P0
Scale AI,"Research Scientist, AI Controls and Monitoring","San Francisco, CA; New York, NY",New Grad,Aerospace Engineering,"$216,000 - $270,000 USD",2027 new grad recruiting cycle,https://job-boards.greenhouse.io/scaleai/jobs/4675694005,https://job-boards.greenhouse.io/scaleai/jobs/4675694005,https://github.com/aprameyak/2027-tech-jobs,official verification cached,2026-07-21T03:20:18.795Z,2026-07-20,2026-07-20,2026-07-18,,scale ai|discovery_feed,discovery_feed,,P1
SpaceX,"New Graduate Engineer, Propulsion (Raptor)","Hawthorne, CA",New Grad,Aerospace Engineering,"$100,000.00 - $115,000.00",2027 new grad recruiting cycle,https://boards.greenhouse.io/spacex/jobs/8517361002?gh_jid=8517361002,https://boards.greenhouse.io/spacex/jobs/8517361002?gh_jid=8517361002,https://github.com/aprameyak/2027-tech-jobs,official verification cached,2026-07-21T03:20:18.796Z,2026-07-05,2026-07-20,2026-07-18,,spacex|discovery_feed,discovery_feed,,P0
SpaceX,"New Graduate Engineer, Propulsion (Starship)","Starbase, TX",New Grad,Aerospace Engineering,,2027 new grad recruiting cycle,https://boards.greenhouse.io/spacex/jobs/8497447002?gh_jid=8497447002,https://boards.greenhouse.io/spacex/jobs/8497447002?gh_jid=8497447002,https://github.com/aprameyak/2027-tech-jobs,official verification cached,2026-07-21T03:20:18.796Z,2026-07-05,2026-07-20,2026-07-18,,spacex|discovery_feed,discovery_feed,,P0
Boeing,Early Career Environmental Test Engineer - 1st Shift - Millennium Space Systems,"USA - El Segundo, CA",New Grad,Aerospace Engineering,"$90,950 - $133,750",Early career,https://boeing.wd1.myworkdayjobs.com/EXTERNAL_CAREERS/job/USA---El-Segundo-CA/Early-Career-Environmental-Test-Engineer---1st-Shift---Millennium-Space-Systems_JR2026519182-1,https://jobs.boeing.com/,,,,2026-07-15,2026-07-20,2026-07-15,2026-08-17,boeing|workday,workday,Posted 5 Days Ago,P0
Boeing,Early Career Environmental Test Engineer - 2nd Shift - Millennium Space Systems,"USA - El Segundo, CA",New Grad,Aerospace Engineering,"$90,950 - $133,750",Early career,https://boeing.wd1.myworkdayjobs.com/EXTERNAL_CAREERS/job/USA---El-Segundo-CA/Early-Career-Environmental-Test-Engineer---2nd-Shift---Millennium-Space-Systems_JR2026519184-1,https://jobs.boeing.com/,,,,2026-07-15,2026-07-20,2026-07-15,2026-08-17,boeing|workday,workday,Posted 5 Days Ago,P0
Boeing,Early Career Environmental Test Engineer - 1st Shift - Millennium Space Systems,"USA - El Segundo, CA",New Grad,Aerospace Engineering,"$90,950 - $133,750",Early career,https://boeing.wd1.myworkdayjobs.com/EXTERNAL_CAREERS/job/USA---El-Segundo-CA/Early-Career-Environmental-Test-Engineer---1st-Shift---Millennium-Space-Systems_JR2026517933-1,https://jobs.boeing.com/,,,,2026-07-09,2026-07-15,2026-07-08,2026-08-10,boeing|workday,workday,Posted 7 Days Ago,P0
Boeing,Early Career Environmental Test Engineer - 2nd Shift - Millennium Space Systems,"USA - El Segundo, CA",New Grad,Aerospace Engineering,"$90,950 - $133,750",Early career,https://boeing.wd1.myworkdayjobs.com/EXTERNAL_CAREERS/job/USA---El-Segundo-CA/Early-Career-Environmental-Test-Engineer---2nd-Shift---Millennium-Space-Systems_JR2026517939-1,https://jobs.boeing.com/,,,,2026-07-09,2026-07-15,2026-07-08,2026-08-10,boeing|workday,workday,Posted 7 Days Ago,P0
RTX,"Leadership Development Program - Engineering, Aerospace/Mechanical (Starts June 2027)","arlington, Virginia, United States of America",New Grad,Aerospace Engineering,,2027 grad eligible,https://globalhr.wd5.myworkdayjobs.com/REC_RTX_Ext_Gateway/job/US-VA-ARLINGTON-108--1100-Wilson-Blvd--ROSSLYN-HQ/Leadership-Development-Program---Engineering---Aerospace-Mechanical--Starts-June-2027-_01853757-2/apply,https://careers.rtx.com/global/en/search-results,,,,2026-07-09,2026-07-20,2026-06-28,,rtx|phenom,phenom,2026-06-29T00:00:00.000+0000,P0
AVEVA,Software Developer Intern- Drexel Co-op US,"Philadelphia, PA",Internship,Software / AI / ML,,2027 internship cycle,https://aveva.wd3.myworkdayjobs.com/en-US/AVEVA_careers/job/Philadelphia-Pennsylvania-United-States-of-America/Software-Developer-Intern--Drexel-Co-op-US_R014478,https://aveva.wd3.myworkdayjobs.com/en-US/AVEVA_careers/job/Philadelphia-Pennsylvania-United-States-of-America/Software-Developer-Intern--Drexel-Co-op-US_R014478,https://github.com/aprameyak/2027-tech-jobs,official verification cached,2026-07-21T03:20:18.808Z,2026-07-20,2026-07-20,2026-07-21,,aveva|discovery_feed,discovery_feed,,P1
Truveta,Software Engineering Intern,"Seattle, WA",Internship,Software / AI / ML,$20 per hour,2027 internship cycle,https://job-boards.greenhouse.io/truveta/jobs/5659745004,https://job-boards.greenhouse.io/truveta/jobs/5659745004,https://github.com/aprameyak/2027-tech-jobs,official verification cached,2026-07-21T03:20:18.808Z,2026-07-20,2026-07-20,2026-07-21,,truveta|discovery_feed,discovery_feed,,P1
Western Digital,Summer 2027 - Software Engineering Internship,"San Jose, CA",Internship,Software / AI / ML,,2027 internship cycle,https://jobs.smartrecruiters.com/WesternDigital/744000138727213,https://jobs.smartrecruiters.com/WesternDigital/744000138727213,https://github.com/aprameyak/2027-tech-jobs,official verification cached,2026-07-21T03:20:18.807Z,2026-07-20,2026-07-20,2026-07-21,,western digital|discovery_feed,discovery_feed,,P0
Akuna Capital,"Quantitative Development & Strategy Intern, Summer 2027","Chicago, IL",Internship,Software / AI / ML,,2027 internship eligible,https://www.akunacapital.com/careers/job/8021481?gh_jid=8021481,https://www.akunacapital.com/careers/job/8021481?gh_jid=8021481,https://github.com/zapplyjobs/Internships-2027,official page verified,2026-07-21T03:31:53.061Z,2026-07-20,2026-07-20,,,akuna capital|discovery_feed,discovery_feed,,P0
Akuna Capital,"Quantitative Research Intern, Summer 2027","Chicago, IL",Internship,Software / AI / ML,,2027 internship eligible,https://www.akunacapital.com/careers/job/8036614?gh_jid=8036614,https://www.akunacapital.com/careers/job/8036614?gh_jid=8036614,https://github.com/zapplyjobs/Internships-2027,official page verified,2026-07-21T03:31:52.188Z,2026-07-20,2026-07-20,,,akuna capital|discovery_feed,discovery_feed,,P0
Ambarella,Software Engineer Intern,"US Headquarters, United States of America",Internship,Software / AI / ML,,2027 internship cycle,https://ambarella.wd108.myworkdayjobs.com/ambarella/job/US-Headquarters/Software-Engineer-Intern_JR100107,https://ambarella.wd108.myworkdayjobs.com/ambarella/job/US-Headquarters/Software-Engineer-Intern_JR100107,https://github.com/zapplyjobs/Internships-2027,official page verified,2026-07-21T03:27:10.806Z,2026-07-20,2026-07-20,,,ambarella|discovery_feed,discovery_feed,,P1
Auctor,Software Engineering Intern,"New York, NY",Internship,Software / AI / ML,$80 - $80/hr,2027 internship cycle,https://jobs.ashbyhq.com/auctor/9d67c881-3ca7-4616-a059-e94c03e19607,https://jobs.ashbyhq.com/auctor/9d67c881-3ca7-4616-a059-e94c03e19607,https://github.com/aprameyak/2027-tech-jobs,official verification cached,2026-07-21T03:20:18.800Z,2026-07-20,2026-07-20,2026-07-20,,auctor|discovery_feed,discovery_feed,,P1
Axon,2027 US Software Engineering Internship,"Seattle, Washington, United States",Internship,Software / AI / ML,$45 - $45/hr USD,2027 internship cycle,https://job-boards.greenhouse.io/axontalentcommunity/jobs/7800617003,https://job-boards.greenhouse.io/axontalentcommunity/jobs/7800617003,https://github.com/zshah101/Automated-List-Of-Summer-2027-and-Fall-2026-Tech-Internships,official verification cached,2026-07-21T03:20:18.812Z,2026-07-20,2026-07-20,2026-07-20,,axon|discovery_feed,discovery_feed,,P1
Base Power,Firmware Engineering Intern,"Austin, TX",Internship,Software / AI / ML,,2027 internship cycle,https://jobs.ashbyhq.com/base-power/a8ee9a66-e90b-42c2-a4a2-28d997c3e8c7,https://jobs.ashbyhq.com/base-power/a8ee9a66-e90b-42c2-a4a2-28d997c3e8c7,https://github.com/speedyapply/2027-SWE-College-Jobs,official verification cached,2026-07-21T03:29:12.889Z,2026-07-20,2026-07-20,,,base power|discovery_feed,discovery_feed,,P1
Beacon Software,Software Engineering Intern,"San Francisco, CA",Internship,Software / AI / ML,,2027 internship cycle,https://jobs.ashbyhq.com/beaconsoftware/2452d342-a069-4eda-adbe-9df296808ca1/application,https://jobs.ashbyhq.com/beaconsoftware/2452d342-a069-4eda-adbe-9df296808ca1/application,https://github.com/zapplyjobs/Internships-2027,official verification cached,2026-07-21T03:20:18.818Z,2026-07-20,2026-07-20,2026-07-20,,beacon software|discovery_feed,discovery_feed,,P1
Binance.US,Software Engineering Intern,Remote (US),Internship,Software / AI / ML,$35 per hour,2027 internship cycle,https://jobs.ashbyhq.com/binance.us/c23e9aa3-0daa-4170-a5a7-b03aaa031895,https://jobs.ashbyhq.com/binance.us/c23e9aa3-0daa-4170-a5a7-b03aaa031895,https://github.com/aprameyak/2027-tech-jobs,official verification cached,2026-07-21T03:20:18.800Z,2026-07-20,2026-07-20,2026-07-20,,binance.us|discovery_feed,discovery_feed,,P1
Cadence,Software Engineering Intern,"PITTSBURGH 03, United States of America",Internship,Software / AI / ML,,2027 internship cycle,https://cadence.wd1.myworkdayjobs.com/External_Careers/job/PITTSBURGH-03/Software-Engineering-Intern_R52334,https://cadence.wd1.myworkdayjobs.com/External_Careers/job/PITTSBURGH-03/Software-Engineering-Intern_R52334,https://github.com/zapplyjobs/Internships-2027,official page verified,2026-07-21T03:27:10.212Z,2026-07-20,2026-07-20,,,cadence|discovery_feed,discovery_feed,,P1
Cadence (University),Software Engineering Intern,"PITTSBURGH 03, United States of America",Internship,Software / AI / ML,,2027 internship cycle,https://cadence.wd1.myworkdayjobs.com/Univ_Careers/job/PITTSBURGH-03/Software-Engineering-Intern_R52334-2,https://cadence.wd1.myworkdayjobs.com/Univ_Careers/job/PITTSBURGH-03/Software-Engineering-Intern_R52334-2,https://github.com/zapplyjobs/Internships-2027,official page verified,2026-07-21T03:27:10.563Z,2026-07-20,2026-07-20,,,cadence (university)|discovery_feed,discovery_feed,,P1
Campbell Soup Company,Agentic AI Engineer Co-Op,"USA - Remote, United States of America",Internship,Software / AI / ML,,2027 internship cycle,https://campbellsoup.wd5.myworkdayjobs.com/externalcareers_globalsite/job/USA---Remote/Agentic-AI-Engineer-Co-Op_Req-66015,https://campbellsoup.wd5.myworkdayjobs.com/externalcareers_globalsite/job/USA---Remote/Agentic-AI-Engineer-Co-Op_Req-66015,https://github.com/zapplyjobs/Internships-2027,official page verified,2026-07-21T03:29:09.961Z,2026-07-20,2026-07-20,,,campbell soup company|discovery_feed,discovery_feed,,P1
Campbell Soup Company,Agentic AI Engineer Co-Op,"USA - Remote, United States of America",Internship,Software / AI / ML,,2027 internship cycle,https://campbellsoup.wd5.myworkdayjobs.com/externalcareers_globalsite/job/USA---Remote/Agentic-AI-Engineer-Co-Op_Req-66014,https://campbellsoup.wd5.myworkdayjobs.com/externalcareers_globalsite/job/USA---Remote/Agentic-AI-Engineer-Co-Op_Req-66014,https://github.com/zapplyjobs/Internships-2027,official page verified,2026-07-21T03:29:10.361Z,2026-07-20,2026-07-20,,,campbell soup company|discovery_feed,discovery_feed,,P1
Campbell Soup Company,"Business Analyst (Co-op), DA&AI","USA - Remote, United States of America",Internship,Software / AI / ML,,2027 internship cycle,https://campbellsoup.wd5.myworkdayjobs.com/externalcareers_globalsite/job/USA---Remote/Business-Analyst--Co-op---DA-AI_Req-65915,https://campbellsoup.wd5.myworkdayjobs.com/externalcareers_globalsite/job/USA---Remote/Business-Analyst--Co-op---DA-AI_Req-65915,https://github.com/zapplyjobs/Internships-2027,official page verified,2026-07-21T03:34:32.485Z,2026-07-20,2026-07-20,,,campbell soup company|discovery_feed,discovery_feed,,P1
Chicago Trading Company,Software Engineering Internship - Summer 2027,"Chicago, Illinois, United States",Internship,Software / AI / ML,,2027 internship cycle,https://job-boards.greenhouse.io/ctccampusboard/jobs/4708230005,https://job-boards.greenhouse.io/ctccampusboard/jobs/4708230005,https://github.com/zshah101/Automated-List-Of-Summer-2027-and-Fall-2026-Tech-Internships,official verification cached,2026-07-21T03:20:18.813Z,2026-07-20,2026-07-20,2026-07-20,,chicago trading company|discovery_feed,discovery_feed,,P0
Cisive,Intern- Software Developer,Maryland,Internship,Software / AI / ML,,2027 internship cycle,https://cisive.wd108.myworkdayjobs.com/Cisive/job/Remote---Maryland/Intern--Software-Developer_JR100211,https://cisive.wd108.myworkdayjobs.com/Cisive/job/Remote---Maryland/Intern--Software-Developer_JR100211,https://github.com/zapplyjobs/Internships-2027,official verification cached,2026-07-21T03:27:10.121Z,2026-07-20,2026-07-20,,,cisive|discovery_feed,discovery_feed,,P1
CloudFit Software,"Summer Intern, Early Interest (Software / AI/ML / Cyber)","Lynchburg, VA",Internship,Software / AI / ML,,2027 internship cycle,https://cloudfitsoftware.applytojob.com/apply/oaG5GcybAo,https://cloudfitsoftware.applytojob.com/apply/oaG5GcybAo,https://github.com/sndsh404/summer-2027-internships,official verification cached,2026-07-21T03:34:28.901Z,2026-07-20,2026-07-20,,,cloudfit software|discovery_feed,discovery_feed,,P1
Copart,Software Engineering Intern,"Dallas, TX",Internship,Software / AI / ML,,2027 internship cycle,https://copart.wd12.myworkdayjobs.com/en-US/copart/job/Dallas-TX---Headquarters/Software-Engineering-Intern_JR109441,https://copart.wd12.myworkdayjobs.com/en-US/copart/job/Dallas-TX---Headquarters/Software-Engineering-Intern_JR109441,https://github.com/aprameyak/2027-tech-jobs,official verification cached,2026-07-21T03:20:18.801Z,2026-07-20,2026-07-20,2026-07-20,,copart|discovery_feed,discovery_feed,,P1
Copart,Software Engineering Intern,"Dallas, TX",Internship,Software / AI / ML,,2027 internship cycle,https://copart.wd12.myworkdayjobs.com/en-US/copart/job/Dallas-TX---Headquarters/Software-Engineering-Intern_JR109689,https://copart.wd12.myworkdayjobs.com/en-US/copart/job/Dallas-TX---Headquarters/Software-Engineering-Intern_JR109689,https://github.com/aprameyak/2027-tech-jobs,official verification cached,2026-07-21T03:20:18.816Z,2026-07-20,2026-07-20,2026-07-20,,copart|discovery_feed,discovery_feed,,P1
Copart,Software Engineering Intern,"Dallas, TX",Internship,Software / AI / ML,,2027 internship cycle,https://copart.wd12.myworkdayjobs.com/en-US/copart/job/Dallas-TX---Headquarters/Software-Engineering-Intern_JR109673,https://copart.wd12.myworkdayjobs.com/en-US/copart/job/Dallas-TX---Headquarters/Software-Engineering-Intern_JR109673,https://github.com/aprameyak/2027-tech-jobs,official verification cached,2026-07-21T03:20:18.816Z,2026-07-20,2026-07-20,2026-07-20,,copart|discovery_feed,discovery_feed,,P1
Copart,Software Engineering Intern,"Dallas, TX",Internship,Software / AI / ML,,2027 internship cycle,https://copart.wd12.myworkdayjobs.com/en-US/copart/job/Dallas-TX---Headquarters/Software-Engineering-Intern_JR109897,https://copart.wd12.myworkdayjobs.com/en-US/copart/job/Dallas-TX---Headquarters/Software-Engineering-Intern_JR109897,https://github.com/aprameyak/2027-tech-jobs,official verification cached,2026-07-21T03:20:18.816Z,2026-07-20,2026-07-20,2026-07-20,,copart|discovery_feed,discovery_feed,,P1
Copart,Software Engineering Intern,"Dallas, TX - Headquarters",Internship,Software / AI / ML,,2027 internship cycle,https://copart.wd12.myworkdayjobs.com/en-US/copart/job/Dallas-TX---Headquarters/Software-Engineering-Intern_JR110079,https://copart.wd12.myworkdayjobs.com/en-US/copart/job/Dallas-TX---Headquarters/Software-Engineering-Intern_JR110079,https://github.com/aprameyak/2027-tech-jobs,official verification cached,2026-07-21T03:20:18.807Z,2026-07-20,2026-07-20,2026-07-20,,copart|discovery_feed,discovery_feed,,P1
DimeHealth AI,Forward Deployed Engineering Intern,"New York, NY",Internship,Software / AI / ML,,2027 internship cycle,https://www.workatastartup.com/jobs/94211,https://www.workatastartup.com/jobs/94211,https://github.com/sndsh404/summer-2027-internships,official verification cached,2026-07-21T03:27:07.758Z,2026-07-20,2026-07-20,,,dimehealth ai|discovery_feed,discovery_feed,,P1
DRW,Quantitative Trading Analyst Intern,"Chicago, Illinois",Internship,Software / AI / ML,,2027 internship cycle,https://job-boards.greenhouse.io/drweng/jobs/7668776,https://job-boards.greenhouse.io/drweng/jobs/7668776,https://github.com/zapplyjobs/Internships-2027,official verification cached,2026-07-21T03:36:36.619Z,2026-07-20,2026-07-20,,,drw|discovery_feed,discovery_feed,,P1
Epic,Software Developer Intern,"Verona, WI",Internship,Software / AI / ML,,2027 internship cycle,https://careers.epic.com/jobs/intern,https://careers.epic.com/jobs/intern,https://github.com/sndsh404/summer-2027-internships,official verification cached,2026-07-21T03:27:07.754Z,2026-07-20,2026-07-20,,,epic|discovery_feed,discovery_feed,,P1
Five Rings,Quantitative Trader Intern,"New York, NY",Internship,Software / AI / ML,,2027 internship cycle,https://job-boards.greenhouse.io/fiveringsllc/jobs/5139668008,https://job-boards.greenhouse.io/fiveringsllc/jobs/5139668008,https://github.com/aprameyak/2027-tech-jobs,official verification cached,2026-07-21T03:20:18.798Z,2026-07-20,2026-07-20,2026-07-20,,five rings|discovery_feed,discovery_feed,,P1
GE Appliances,Software Engineering Co-op,"Louisville, KY",Internship,Software / AI / ML,,2027 internship cycle,https://haier.wd3.myworkdayjobs.com/GE_Appliances/job/USA-Louisville-KY/Software-Engineering-Co-op-Spring-2027_REQ-26147,https://haier.wd3.myworkdayjobs.com/GE_Appliances/job/USA-Louisville-KY/Software-Engineering-Co-op-Spring-2027_REQ-26147,https://github.com/aprameyak/2027-tech-jobs,official verification cached,2026-07-21T03:20:18.802Z,2026-07-20,2026-07-20,2026-07-20,,ge appliances|discovery_feed,discovery_feed,,P1
Google,Software Engineering Intern,"Mountain View, CA; Atlanta, GA; Austin, TX; Boulder, CO; Cambridge, MA; Bellevue, WA; Chicago, IL; Houston, TX; Irvine, CA; Kirkland, WA; Los Angeles, CA; Madison, WI; New York, NY; Palo Alto, CA; Portland, OR; Pittsburgh, PA; Raleigh, NC; Durham, NC; Reston, VA; Redmond, WA; Redwood City, CA; San Diego, CA; Goleta, CA; San Bruno, CA; Seattle, WA; San Francisco, CA; San Jose, CA; Santa Cruz, CA; South San Francisco, CA; Sunnyvale, CA",Internship,Software / AI / ML,,2027 internship cycle,https://www.google.com/about/careers/applications/jobs/results/85564713261245126-software-engineering-intern-bs-summer-2027,https://www.google.com/about/careers/applications/jobs/results/85564713261245126-software-engineering-intern-bs-summer-2027,https://github.com/aprameyak/2027-tech-jobs,official verification cached,2026-07-21T03:20:18.797Z,2026-07-20,2026-07-20,2026-07-20,,google|discovery_feed,discovery_feed,,P1
Google,"Software Engineering Intern, BS, Summer 2027",United States,Internship,Software / AI / ML,,2027 internship eligible,https://www.google.com/about/careers/applications/jobs/results/85564713261245126,https://www.google.com/about/careers/applications/jobs/results/85564713261245126,https://github.com/zapplyjobs/Internships-2027,official page verified,2026-07-21T03:34:29.172Z,2026-07-20,2026-07-20,,,google|discovery_feed,discovery_feed,,P0
Human Computer Lab,Intern - Software/ML Engineering,"San Francisco, CA +1",Internship,Software / AI / ML,,2027 internship cycle,https://jobs.ashbyhq.com/human-computer-lab/7d13ae27-1f02-4d9b-8d39-e3d9d67df705,https://jobs.ashbyhq.com/human-computer-lab/7d13ae27-1f02-4d9b-8d39-e3d9d67df705,https://github.com/speedyapply/2027-AI-College-Jobs,official verification cached,2026-07-21T03:29:10.712Z,2026-07-20,2026-07-20,,,human computer lab|discovery_feed,discovery_feed,,P1
kos.ai,Software Engineer Intern,"San Francisco, CA",Internship,Software / AI / ML,,2027 internship cycle,https://jobs.ashbyhq.com/kos.ai/efab6ffb-9658-47f7-8b5f-a295c55957d3,https://jobs.ashbyhq.com/kos.ai/efab6ffb-9658-47f7-8b5f-a295c55957d3,https://github.com/aprameyak/2027-tech-jobs,official verification cached,2026-07-21T03:20:18.800Z,2026-07-20,2026-07-20,2026-07-20,,kos.ai|discovery_feed,discovery_feed,,P1
Kudu Dynamics,Software Engineer Intern (1),"Chantilly, VA",Internship,Software / AI / ML,,2027 internship cycle,https://leidos.wd5.myworkdayjobs.com/External/job/Chantilly-VA/Software-Engineer-Intern_R-00183707,https://leidos.wd5.myworkdayjobs.com/External/job/Chantilly-VA/Software-Engineer-Intern_R-00183707,https://github.com/sndsh404/summer-2027-internships,official verification cached,2026-07-21T03:27:07.526Z,2026-07-20,2026-07-20,,,kudu dynamics|discovery_feed,discovery_feed,,P1
Kudu Dynamics,Software Engineer Intern (2),"Chantilly, VA",Internship,Software / AI / ML,,2027 internship cycle,https://leidos.wd5.myworkdayjobs.com/External/job/Chantilly-VA/Software-Engineer-Intern_R-00183721,https://leidos.wd5.myworkdayjobs.com/External/job/Chantilly-VA/Software-Engineer-Intern_R-00183721,https://github.com/sndsh404/summer-2027-internships,official verification cached,2026-07-21T03:27:07.721Z,2026-07-20,2026-07-20,,,kudu dynamics|discovery_feed,discovery_feed,,P1
Kudu Dynamics,Software Engineer Intern (3),"Chantilly, VA",Internship,Software / AI / ML,,2027 internship cycle,https://leidos.wd5.myworkdayjobs.com/External/job/Chantilly-VA/Software-Engineer-Intern_R-00183714,https://leidos.wd5.myworkdayjobs.com/External/job/Chantilly-VA/Software-Engineer-Intern_R-00183714,https://github.com/sndsh404/summer-2027-internships,official verification cached,2026-07-21T03:27:07.724Z,2026-07-20,2026-07-20,,,kudu dynamics|discovery_feed,discovery_feed,,P1
Latent Defense,Software Engineer Intern,"New York, NY",Internship,Software / AI / ML,,2027 internship cycle,https://jobs.ashbyhq.com/latent%20defense/54841e7d-d80a-4c2f-8c44-d492fe8eb487,https://jobs.ashbyhq.com/latent%20defense/54841e7d-d80a-4c2f-8c44-d492fe8eb487,https://github.com/aprameyak/2027-tech-jobs,official verification cached,2026-07-21T03:20:18.800Z,2026-07-20,2026-07-20,2026-07-20,,latent defense|discovery_feed,discovery_feed,,P1
LiveRamp,"Co-Op, Software Engineer - Action Runtime","San Francisco, United States of America",Internship,Software / AI / ML,$31.00 - $49.00/hr,2027 internship cycle,https://liveramp.wd5.myworkdayjobs.com/LiveRampCareers/job/San-Francisco/Co-Op--Software-Engineer---Conversions-API_JR012232-1,https://liveramp.wd5.myworkdayjobs.com/LiveRampCareers/job/San-Francisco/Co-Op--Software-Engineer---Conversions-API_JR012232-1,https://github.com/zapplyjobs/Internships-2027,official page verified,2026-07-21T03:34:29.948Z,2026-07-20,2026-07-20,,,liveramp|discovery_feed,discovery_feed,,P1
LufCo,Summer Intern (CS / Software / Engineering),"Aberdeen, MD",Internship,Software / AI / ML,,2027 internship cycle,https://lufco.breezy.hr/p/3d3ec6639256-summer-intern-2027,https://lufco.breezy.hr/p/3d3ec6639256-summer-intern-2027,https://github.com/sndsh404/summer-2027-internships,official verification cached,2026-07-21T03:27:07.446Z,2026-07-20,2026-07-20,,,lufco|discovery_feed,discovery_feed,,P1
Magna,Intern - Systems Engineering,"26360 American Drive,48034,Southfield,US, United States of America",Internship,Software / AI / ML,,2027 internship cycle,https://magna.wd3.myworkdayjobs.com/Magna/job/Southfield-Michigan-US/Intern---Engineering_R00235437,https://magna.wd3.myworkdayjobs.com/Magna/job/Southfield-Michigan-US/Intern---Engineering_R00235437,https://github.com/zapplyjobs/Internships-2027,official page verified,2026-07-21T03:27:09.760Z,2026-07-20,2026-07-20,,,magna|discovery_feed,discovery_feed,,P1
Marmon Holdings,Data Engineering Intern OR Student Co-Op,"Milwaukee, WI",Internship,Software / AI / ML,$27.00/hour,2027 internship cycle,https://marmon.wd501.myworkdayjobs.com/Marmon_MSIP_Internships/job/Milwaukee-WI/Data-Engineering-Intern-OR-Student-Co-Op_JR0000037453,https://marmon.wd501.myworkdayjobs.com/Marmon_MSIP_Internships/job/Milwaukee-WI/Data-Engineering-Intern-OR-Student-Co-Op_JR0000037453,https://github.com/zapplyjobs/Internships-2027,official verification cached,2026-07-21T03:29:09.380Z,2026-07-20,2026-07-20,,,marmon holdings|discovery_feed,discovery_feed,,P1
Naive,Software Engineer Intern,"San Francisco, CA / Remote (US)",Internship,Software / AI / ML,,2027 internship cycle,https://www.workatastartup.com/jobs/94647,https://www.workatastartup.com/jobs/94647,https://github.com/sndsh404/summer-2027-internships,official verification cached,2026-07-21T03:27:07.640Z,2026-07-20,2026-07-20,,,naive|discovery_feed,discovery_feed,,P1
Neighborly,Application Developer Intern,"Irving, TX",Internship,Software / AI / ML,,2027 internship cycle,https://neighborlybrands.wd1.myworkdayjobs.com/neighborly/job/Irving-TX/Application-Developer-Intern_JR0003834,https://neighborlybrands.wd1.myworkdayjobs.com/neighborly/job/Irving-TX/Application-Developer-Intern_JR0003834,https://github.com/zapplyjobs/Internships-2027,official verification cached,2026-07-21T03:27:10.832Z,2026-07-20,2026-07-20,,,neighborly|discovery_feed,discovery_feed,,P1
Netic,Full-Stack Software Engineer - Product Intern,"San Francisco, CA",Internship,Software / AI / ML,,2027 internship cycle,https://jobs.ashbyhq.com/netic/f291394a-f3c5-4f46-9b87-77aea3d487ef,https://jobs.ashbyhq.com/netic/f291394a-f3c5-4f46-9b87-77aea3d487ef,https://github.com/aprameyak/2027-tech-jobs,official verification cached,2026-07-21T03:20:18.799Z,2026-07-20,2026-07-20,2026-07-20,,netic|discovery_feed,discovery_feed,,P1
Netic,Software Engineer - Agent Platform Intern,"San Francisco, CA",Internship,Software / AI / ML,,2027 internship cycle,https://jobs.ashbyhq.com/netic/b0ea7aab-8eea-4d31-96f9-278364180ae7,https://jobs.ashbyhq.com/netic/b0ea7aab-8eea-4d31-96f9-278364180ae7,https://github.com/aprameyak/2027-tech-jobs,official verification cached,2026-07-21T03:20:18.799Z,2026-07-20,2026-07-20,2026-07-20,,netic|discovery_feed,discovery_feed,,P1
Neuralink,"Software Engineer Intern, BCI Applications","Fremont, CA",Internship,Software / AI / ML,$35/Hr,2027 internship cycle,https://job-boards.greenhouse.io/neuralink/jobs/6594422003,https://job-boards.greenhouse.io/neuralink/jobs/6594422003,https://github.com/aprameyak/2027-tech-jobs,official verification cached,2026-07-21T03:20:18.797Z,2026-07-20,2026-07-20,2026-07-20,,neuralink|discovery_feed,discovery_feed,,P1
Nidec,Software Engineer Co-Op,"WPE, MO",Internship,Software / AI / ML,,2027 internship cycle,https://nidec.wd1.myworkdayjobs.com/en-US/nidec/job/North-AmericaUSAMissouriSt-Louis---WPE-MO/Software-Engineer-Co-Op_R0015871,https://nidec.wd1.myworkdayjobs.com/en-US/nidec/job/North-AmericaUSAMissouriSt-Louis---WPE-MO/Software-Engineer-Co-Op_R0015871,https://github.com/speedyapply/2027-SWE-College-Jobs,official verification cached,2026-07-21T03:27:11.098Z,2026-07-20,2026-07-20,,,nidec|discovery_feed,discovery_feed,,P1
Palantir,Forward Deployed Software Engineer Intern - Intel,"Washington, DC",Internship,Software / AI / ML,"$10,000/month",2027 internship cycle,https://jobs.lever.co/palantir/9e40d77f-b07c-437b-98e7-def9b0184d89,https://jobs.lever.co/palantir/9e40d77f-b07c-437b-98e7-def9b0184d89,https://github.com/aprameyak/2027-tech-jobs,official verification cached,2026-07-21T03:20:18.798Z,2026-07-20,2026-07-20,2026-07-20,,palantir|discovery_feed,discovery_feed,,P1
Palantir,Year at Palantir - Forward Deployed Software Engineer Intern - USG,"Washington, DC",Internship,Software / AI / ML,"$5,900 - $10,500/month",2027 internship cycle,https://jobs.lever.co/palantir/5c4c65c5-77da-4d36-856c-4ade87631019,https://jobs.lever.co/palantir/5c4c65c5-77da-4d36-856c-4ade87631019,https://github.com/aprameyak/2027-tech-jobs,official verification cached,2026-07-21T03:20:18.798Z,2026-07-20,2026-07-20,2026-07-20,,palantir|discovery_feed,discovery_feed,,P1
Plus,Software Engineer Intern - Robotics,"Santa Clara, CA",Internship,Software / AI / ML,$19 - $65 an hour,2027 internship cycle,https://jobs.lever.co/plus-2/7a1afea9-b468-4b7c-a508-185e8e4032db,https://jobs.lever.co/plus-2/7a1afea9-b468-4b7c-a508-185e8e4032db,https://github.com/aprameyak/2027-tech-jobs,official verification cached,2026-07-21T03:20:18.801Z,2026-07-20,2026-07-20,2026-07-20,,plus|discovery_feed,discovery_feed,,P1
PlusAI,Deep Learning Intern,"Santa Clara, CA",Internship,Software / AI / ML,,2027 internship cycle,https://jobs.lever.co/plus-2/58d77886-bf3a-4707-8af8-e1af47162e2e/apply,https://jobs.lever.co/plus-2/58d77886-bf3a-4707-8af8-e1af47162e2e/apply,https://github.com/zapplyjobs/Internships-2027,official verification cached,2026-07-21T03:29:10.278Z,2026-07-20,2026-07-20,,,plusai|discovery_feed,discovery_feed,,P1
PlusAI,Deep Learning Research Intern,"Santa Clara, CA",Internship,Software / AI / ML,,2027 internship cycle,https://jobs.lever.co/plus-2/2f2c1cd9-f099-483a-9717-0da83a391333/apply,https://jobs.lever.co/plus-2/2f2c1cd9-f099-483a-9717-0da83a391333/apply,https://github.com/zapplyjobs/Internships-2027,official verification cached,2026-07-21T03:31:52.519Z,2026-07-20,2026-07-20,,,plusai|discovery_feed,discovery_feed,,P1
PlusAI,Machine Learning Engineer Intern,"Santa Clara, CA",Internship,Software / AI / ML,,2027 internship cycle,https://jobs.lever.co/plus-2/5d71c173-fef1-409f-b3f0-750e3b828266/apply,https://jobs.lever.co/plus-2/5d71c173-fef1-409f-b3f0-750e3b828266/apply,https://github.com/zapplyjobs/Internships-2027,official verification cached,2026-07-21T03:29:10.341Z,2026-07-20,2026-07-20,,,plusai|discovery_feed,discovery_feed,,P1
PlusAI,PlusAI - Machine Learning Engineer Intern - Planning,"Santa Clara, CA",Internship,Software / AI / ML,,2027 internship cycle,https://jobs.lever.co/plus-2/91a07eb1-2244-48bf-a65b-dc166a327ddc/apply,https://jobs.lever.co/plus-2/91a07eb1-2244-48bf-a65b-dc166a327ddc/apply,https://github.com/zapplyjobs/Internships-2027,official page verified,2026-07-21T03:29:10.779Z,2026-07-20,2026-07-20,,,plusai|discovery_feed,discovery_feed,,P1
PlusAI,Systems Engineering Intern,"Santa Clara, CA",Internship,Software / AI / ML,,2027 internship cycle,https://jobs.lever.co/plus-2/1864b1be-25e5-424f-9626-09e58f6147f2/apply,https://jobs.lever.co/plus-2/1864b1be-25e5-424f-9626-09e58f6147f2/apply,https://github.com/zapplyjobs/Internships-2027,official verification cached,2026-07-21T03:27:11.199Z,2026-07-20,2026-07-20,,,plusai|discovery_feed,discovery_feed,,P1
PlusAI,Systems Engineering Intern,"Santa Clara, CA",Internship,Software / AI / ML,,2027 internship cycle,https://jobs.lever.co/plus-2/43bad137-b976-4dfa-b72d-96918929e9db/apply,https://jobs.lever.co/plus-2/43bad137-b976-4dfa-b72d-96918929e9db/apply,https://github.com/zapplyjobs/Internships-2027,official verification cached,2026-07-21T03:27:11.608Z,2026-07-20,2026-07-20,,,plusai|discovery_feed,discovery_feed,,P1
PlusAI,Systems Engineering Intern,"Santa Clara, CA",Internship,Software / AI / ML,,2027 internship cycle,https://jobs.lever.co/plus-2/bbdaa94b-6c29-4b1b-b810-05cda3c08d03/apply,https://jobs.lever.co/plus-2/bbdaa94b-6c29-4b1b-b810-05cda3c08d03/apply,https://github.com/zapplyjobs/Internships-2027,official verification cached,2026-07-21T03:27:11.348Z,2026-07-20,2026-07-20,,,plusai|discovery_feed,discovery_feed,,P1
Rainmaker,Software Engineering Intern,"El Segundo, CA",Internship,Software / AI / ML,,2027 internship cycle,https://jobs.lever.co/make-rain/b45f954e-19df-45b1-8748-c8ae442a2e8b,https://jobs.lever.co/make-rain/b45f954e-19df-45b1-8748-c8ae442a2e8b,https://github.com/aprameyak/2027-tech-jobs,official verification cached,2026-07-21T03:20:18.800Z,2026-07-20,2026-07-20,2026-07-20,,rainmaker|discovery_feed,discovery_feed,,P1
Rippling,"Software Engineer Intern, Backend / Full Stack / ML","San Francisco, CA; New York, NY; Seattle, WA",Internship,Software / AI / ML,,2027 internship cycle,https://ats.rippling.com/rippling/jobs/00cbc991-d2fb-452c-a8b6-2978f109a484,https://ats.rippling.com/rippling/jobs/00cbc991-d2fb-452c-a8b6-2978f109a484,https://github.com/aprameyak/2027-tech-jobs,official verification cached,2026-07-21T03:20:18.801Z,2026-07-20,2026-07-20,2026-07-20,,rippling|discovery_feed,discovery_feed,,P1
Solar Turbines,2027 Solutions Platforms Engineering Intern,"San Diego, CA",Internship,Software / AI / ML,$26.00 - $43.00/hr,2027 internship cycle,https://cat.wd5.myworkdayjobs.com/SolarTurbines/job/San-Diego-California/XMLNAME-2027-Internship----Solutions-Platforms-Engineered_R0000381657,https://cat.wd5.myworkdayjobs.com/SolarTurbines/job/San-Diego-California/XMLNAME-2027-Internship----Solutions-Platforms-Engineered_R0000381657,https://github.com/aprameyak/2027-tech-jobs,official verification cached,2026-07-21T03:20:18.798Z,2026-07-20,2026-07-20,2026-07-20,2026-07-22,solar turbines|discovery_feed,discovery_feed,,P1
Sony,Software Engineer Intern,"NA / San Diego Via Esprillo 40, United States of America",Internship,Software / AI / ML,$24.20 - $38.50/hr,2027 internship cycle,https://sonyglobal.wd1.myworkdayjobs.com/sonyglobalcareers/job/San-Diego/Software-Engineer-Intern_JR-119282,https://sonyglobal.wd1.myworkdayjobs.com/sonyglobalcareers/job/San-Diego/Software-Engineer-Intern_JR-119282,https://github.com/zapplyjobs/Internships-2027,official page verified,2026-07-21T03:27:11.071Z,2026-07-20,2026-07-20,,,sony|discovery_feed,discovery_feed,,P1
Stevens Capital Management,Developer Internship,"Radnor, PA",Internship,Software / AI / ML,,2027 internship cycle,https://job-boards.greenhouse.io/scm/jobs/721888,https://job-boards.greenhouse.io/scm/jobs/721888,https://github.com/zapplyjobs/Internships-2027,official verification cached,2026-07-21T03:38:39.334Z,2026-07-20,2026-07-20,,,stevens capital management|discovery_feed,discovery_feed,,P1
Stevens Capital Management,Quantitative Research Analyst Internship,"Radnor, PA",Internship,Software / AI / ML,,2027 internship cycle,https://job-boards.greenhouse.io/scm/jobs/721895,https://job-boards.greenhouse.io/scm/jobs/721895,https://github.com/zapplyjobs/Internships-2027,official verification cached,2026-07-21T03:38:39.349Z,2026-07-20,2026-07-20,,,stevens capital management|discovery_feed,discovery_feed,,P1
Trata,Research Scientist Intern,"San Francisco, CA / New York, NY",Internship,Software / AI / ML,,2027 internship cycle,https://www.workatastartup.com/jobs/94620,https://www.workatastartup.com/jobs/94620,https://github.com/sndsh404/summer-2027-internships,official verification cached,2026-07-21T03:27:07.492Z,2026-07-20,2026-07-20,,,trata|discovery_feed,discovery_feed,,P1
Voloridge Investment Management,Quantitative Developer Intern,"Jupiter, FL",Internship,Software / AI / ML,,2027 internship cycle,https://job-boards.greenhouse.io/voloridgeinvestmentmanagement/jobs/4224862009,https://job-boards.greenhouse.io/voloridgeinvestmentmanagement/jobs/4224862009,https://github.com/aprameyak/2027-tech-jobs,official verification cached,2026-07-21T03:20:18.798Z,2026-07-20,2026-07-20,2026-07-20,,voloridge investment management|discovery_feed,discovery_feed,,P1
Voloridge Investment Management,Quantitative Research Intern,"Jupiter, FL",Internship,Software / AI / ML,,2027 internship cycle,https://job-boards.greenhouse.io/voloridgeinvestmentmanagement/jobs/4226247009,https://job-boards.greenhouse.io/voloridgeinvestmentmanagement/jobs/4226247009,https://github.com/aprameyak/2027-tech-jobs,official verification cached,2026-07-21T03:20:18.798Z,2026-07-20,2026-07-20,2026-07-20,,voloridge investment management|discovery_feed,discovery_feed,,P1
Western Digital,Software Engineering Co-op,"Milpitas, CA",Internship,Software / AI / ML,,2027 internship cycle,https://jobs.smartrecruiters.com/WesternDigital/744000138184309,https://jobs.smartrecruiters.com/WesternDigital/744000138184309,https://github.com/aprameyak/2027-tech-jobs,official verification cached,2026-07-21T03:20:18.801Z,2026-07-20,2026-07-20,2026-07-20,,western digital|discovery_feed,discovery_feed,,P1
Workato,"Intern, AI Engineering","San Francisco, California",Internship,Software / AI / ML,,2027 internship cycle,https://www.workato.com/careers?gh_jid=8492935002,https://www.workato.com/careers?gh_jid=8492935002,https://github.com/zapplyjobs/Internships-2027,official page verified,2026-07-21T03:29:11.240Z,2026-07-20,2026-07-20,,,workato|discovery_feed,discovery_feed,,P1
Palantir,"Forward Deployed Software Engineer, Internship - France","New York, NY",Internship,Software / AI / ML,"$10,000/month",2027 internship cycle,https://jobs.lever.co/palantir/ac0dc094-2480-43c2-8495-26ade227ff4f,https://jobs.lever.co/palantir/ac0dc094-2480-43c2-8495-26ade227ff4f,https://github.com/aprameyak/2027-tech-jobs,official verification cached,2026-07-21T03:20:18.797Z,2026-07-20,2026-07-20,2026-07-18,,palantir|discovery_feed,discovery_feed,,P1
Palantir,"Forward Deployed Software Engineer, Internship - Poland","New York, NY",Internship,Software / AI / ML,"$10,000/month",2027 internship cycle,https://jobs.lever.co/palantir/d582cd84-14fd-4aa3-b413-15982d286bd9,https://jobs.lever.co/palantir/d582cd84-14fd-4aa3-b413-15982d286bd9,https://github.com/aprameyak/2027-tech-jobs,official verification cached,2026-07-21T03:20:18.797Z,2026-07-20,2026-07-20,2026-07-18,,palantir|discovery_feed,discovery_feed,,P1
Palantir,"Year at Palantir - Software Engineer, Internship","New York, NY",Internship,Software / AI / ML,"$5,900 - $10,500/month",2027 internship cycle,https://jobs.lever.co/palantir/655f9937-a4ce-4e7d-80e2-a6659af07329,https://jobs.lever.co/palantir/655f9937-a4ce-4e7d-80e2-a6659af07329,https://github.com/aprameyak/2027-tech-jobs,official verification cached,2026-07-21T03:20:18.797Z,2026-07-20,2026-07-20,2026-07-18,,palantir|discovery_feed,discovery_feed,,P1
Intel,AI Software Engineering Intern,"Phoenix, AZ",Internship,Software / AI / ML,,2027 internship cycle,https://intel.wd1.myworkdayjobs.com/en-US/external/job/US-Arizona-Phoenix/AI-Software-Engineering-Intern_JR0282641,https://intel.wd1.myworkdayjobs.com/en-US/external/job/US-Arizona-Phoenix/AI-Software-Engineering-Intern_JR0282641,https://github.com/speedyapply/2027-AI-College-Jobs,official verification cached,2026-07-21T03:20:18.824Z,2026-07-20,2026-07-20,2026-07-17,,intel|discovery_feed,discovery_feed,,P1
Aquatic,"Software Engineer, Intern (Summer 2027)","Chicago, IL",Internship,Software / AI / ML,,2027 internship cycle,https://job-boards.greenhouse.io/aquaticcapitalmanagement/jobs/8489233002,https://job-boards.greenhouse.io/aquaticcapitalmanagement/jobs/8489233002,https://github.com/aprameyak/2027-tech-jobs,official verification cached,2026-07-21T03:20:18.792Z,2026-07-20,2026-07-20,2026-07-16,,aquatic|discovery_feed,discovery_feed,,P0
Chevron,2026-2027 Information Technology - Software Engineer - Intern,"Houston, Texas, United States of America",Internship,Software / AI / ML,$23.65 - $37.50/hr,2027 internship cycle,https://chevron.wd5.myworkdayjobs.com/University/job/Houston-Texas-United-States-of-America/XMLNAME-2026-2027-Information-Technology---Software-Engineer---Intern_R000072398-1,https://chevron.wd5.myworkdayjobs.com/University/job/Houston-Texas-United-States-of-America/XMLNAME-2026-2027-Information-Technology---Software-Engineer---Intern_R000072398-1,https://github.com/zshah101/Automated-List-Of-Summer-2027-and-Fall-2026-Tech-Internships,official verification cached,2026-07-21T03:20:18.814Z,2026-07-20,2026-07-20,2026-07-16,2027-07-01,chevron|discovery_feed,discovery_feed,,P1
Joby Aviation,Software Engineer Intern – Air Taxi,"San Carlos, CA",Internship,Software / AI / ML,,2027 internship cycle,https://careers-jobyaviation.icims.com/jobs/5168/software-engineer-intern----air-taxi/job,https://careers-jobyaviation.icims.com/jobs/5168/software-engineer-intern----air-taxi/job,https://github.com/aprameyak/2027-tech-jobs,official verification cached,2026-07-21T03:25:06.781Z,2026-07-20,2026-07-20,2026-07-16,,joby aviation|discovery_feed,discovery_feed,,P1
Point72,Quantitative Research Intern (Summer 2027),"New York, NY",Internship,Software / AI / ML,,2027 internship cycle,https://job-boards.greenhouse.io/point72/jobs/7297642002,https://job-boards.greenhouse.io/point72/jobs/7297642002,https://github.com/sndsh404/summer-2027-internships,official verification cached,2026-07-21T03:20:18.808Z,2026-07-20,2026-07-20,2026-07-16,,point72|discovery_feed,discovery_feed,,P0
Blue River Technology,Machine Learning Intern - Autonomy,"Santa Clara, CA",Internship,Software / AI / ML,,2027 internship cycle,https://www.bluerivertechnology.com/job?gh_jid=7947246,https://www.bluerivertechnology.com/job?gh_jid=7947246,https://github.com/aprameyak/2027-tech-jobs,official verification cached,2026-07-21T03:25:09.217Z,2026-07-20,2026-07-20,2026-07-15,,blue river technology|discovery_feed,discovery_feed,,P1
Comcast NBCUniversal,Software Engineer Co-op,"Philadelphia, PA",Internship,Software / AI / ML,,2027 internship cycle,https://comcast.wd5.myworkdayjobs.com/comcast_careers/job/PA---Philadelphia-1800-Arch-St/Comcast-Software-Engineer-Co-op_R436169,https://comcast.wd5.myworkdayjobs.com/comcast_careers/job/PA---Philadelphia-1800-Arch-St/Comcast-Software-Engineer-Co-op_R436169,https://github.com/aprameyak/2027-tech-jobs,official verification cached,2026-07-21T03:20:18.789Z,2026-07-20,2026-07-20,2026-07-15,,comcast nbcuniversal|discovery_feed,discovery_feed,,P1
Exowatt,Software Engineering Intern - Inventory Automation & IoT/Robotics,"Austin, TX",Internship,Software / AI / ML,,2027 internship cycle,https://jobs.lever.co/exowatt/46c8f4fd-f059-4ad6-a5f4-4fcd55d84f9c,https://jobs.lever.co/exowatt/46c8f4fd-f059-4ad6-a5f4-4fcd55d84f9c,https://github.com/aprameyak/2027-tech-jobs,official verification cached,2026-07-21T03:20:18.789Z,2026-07-20,2026-07-20,2026-07-15,,exowatt|discovery_feed,discovery_feed,,P1
Five Rings,Software Developer Intern - Summer 2027,"New York, NY",Internship,Software / AI / ML,,2027 internship cycle,https://job-boards.greenhouse.io/fiveringsllc/jobs/5349707008,https://job-boards.greenhouse.io/fiveringsllc/jobs/5349707008,https://github.com/aprameyak/2027-tech-jobs,official verification cached,2026-07-21T03:20:18.788Z,2026-07-20,2026-07-20,2026-07-15,,five rings|discovery_feed,discovery_feed,,P0
Old Mission Capital,"Software Engineer Intern (Summer 2027, June Start)","Chicago, IL",Internship,Software / AI / ML,,2027 internship cycle,https://job-boards.greenhouse.io/oldmissioncapital/jobs/7796180003,https://job-boards.greenhouse.io/oldmissioncapital/jobs/7796180003,https://github.com/sndsh404/summer-2027-internships,official verification cached,2026-07-21T03:25:08.238Z,2026-07-20,2026-07-20,2026-07-15,,old mission capital|discovery_feed,discovery_feed,,P0
Palo Alto Networks,Software Engineer Intern,"Santa Clara, CA",Internship,Software / AI / ML,,2027 internship cycle,https://paloaltonetworks.wd5.myworkdayjobs.com/panwexternalcareers/job/Office---USA---CA---Headquarters/Intern---Software-Engineer_JR-011595,https://paloaltonetworks.wd5.myworkdayjobs.com/panwexternalcareers/job/Office---USA---CA---Headquarters/Intern---Software-Engineer_JR-011595,https://github.com/aprameyak/2027-tech-jobs,official verification cached,2026-07-21T03:20:18.789Z,2026-07-20,2026-07-20,2026-07-15,,palo alto networks|discovery_feed,discovery_feed,,P1
Palo Alto Networks,Software Engineer Intern,"Santa Clara, CA",Internship,Software / AI / ML,,2027 internship cycle,https://paloaltonetworks.wd5.myworkdayjobs.com/panwexternalcareers/job/Office---USA---CA---Headquarters/Intern---Software-Engineer_JR-011599,https://paloaltonetworks.wd5.myworkdayjobs.com/panwexternalcareers/job/Office---USA---CA---Headquarters/Intern---Software-Engineer_JR-011599,https://github.com/aprameyak/2027-tech-jobs,official verification cached,2026-07-21T03:20:18.789Z,2026-07-20,2026-07-20,2026-07-15,,palo alto networks|discovery_feed,discovery_feed,,P1
Palo Alto Networks,Software Engineer Intern,"Santa Clara, CA",Internship,Software / AI / ML,,2027 internship cycle,https://paloaltonetworks.wd5.myworkdayjobs.com/panwexternalcareers/job/Office---USA---CA---Headquarters/Intern---Software-Engineer_JR-011589,https://paloaltonetworks.wd5.myworkdayjobs.com/panwexternalcareers/job/Office---USA---CA---Headquarters/Intern---Software-Engineer_JR-011589,https://github.com/aprameyak/2027-tech-jobs,official verification cached,2026-07-21T03:20:18.789Z,2026-07-20,2026-07-20,2026-07-15,,palo alto networks|discovery_feed,discovery_feed,,P1
Tencent,Research Intern - Video World Models - Research & ML Systems,"Palo Alto, CA",Internship,Software / AI / ML,,2027 internship cycle,https://tencent.wd1.myworkdayjobs.com/en-US/tencent_careers/job/US-California-Palo-Alto/Research-Intern---Video-World-Models--Research---ML-Systems-_R107752-1,https://tencent.wd1.myworkdayjobs.com/en-US/tencent_careers/job/US-California-Palo-Alto/Research-Intern---Video-World-Models--Research---ML-Systems-_R107752-1,https://github.com/speedyapply/2027-AI-College-Jobs,official verification cached,2026-07-21T03:20:18.824Z,2026-07-20,2026-07-20,2026-07-15,,tencent|discovery_feed,discovery_feed,,P1
The Trade Desk,2027 North America Software Engineering Internship,"Bellevue, WA; Boulder, CO; Denver, CO; Irvine, CA; New York, NY; Seattle, WA",Internship,Software / AI / ML,,2027 internship cycle,https://careers.thetradedesk.com/jobs/5187605007/2027-north-america-software-engineering-internship,https://careers.thetradedesk.com/jobs/5187605007/2027-north-america-software-engineering-internship,https://github.com/aprameyak/2027-tech-jobs,official verification cached,2026-07-21T03:20:18.792Z,2026-07-20,2026-07-20,2026-07-15,,the trade desk|discovery_feed,discovery_feed,,P1
Akuna Capital,"Software Engineer Intern, C# .NET Desktop","Chicago, IL",Internship,Software / AI / ML,,2027 internship cycle,https://www.akunacapital.com/careers/job/8018886?gh_jid=8018886,https://www.akunacapital.com/careers/job/8018886?gh_jid=8018886,https://github.com/aprameyak/2027-tech-jobs,official verification cached,2026-07-21T03:20:18.786Z,2026-07-20,2026-07-20,2026-07-14,,akuna capital|discovery_feed,discovery_feed,,P1
Akuna Capital,"Software Engineer Intern, C++","Chicago, IL",Internship,Software / AI / ML,,2027 internship cycle,https://www.akunacapital.com/careers/job/8018847?gh_jid=8018847,https://www.akunacapital.com/careers/job/8018847?gh_jid=8018847,https://github.com/aprameyak/2027-tech-jobs,official verification cached,2026-07-21T03:20:18.786Z,2026-07-20,2026-07-20,2026-07-14,,akuna capital|discovery_feed,discovery_feed,,P1
Akuna Capital,"Software Engineer Intern, Full Stack Web","Chicago, IL",Internship,Software / AI / ML,,2027 internship cycle,https://www.akunacapital.com/careers/job/8018893?gh_jid=8018893,https://www.akunacapital.com/careers/job/8018893?gh_jid=8018893,https://github.com/aprameyak/2027-tech-jobs,official verification cached,2026-07-21T03:20:18.786Z,2026-07-20,2026-07-20,2026-07-14,,akuna capital|discovery_feed,discovery_feed,,P1
Akuna Capital,"Software Engineer Intern, Python","Chicago, IL",Internship,Software / AI / ML,,2027 internship cycle,https://www.akunacapital.com/careers/job/8018853?gh_jid=8018853,https://www.akunacapital.com/careers/job/8018853?gh_jid=8018853,https://github.com/aprameyak/2027-tech-jobs,official verification cached,2026-07-21T03:20:18.786Z,2026-07-20,2026-07-20,2026-07-14,,akuna capital|discovery_feed,discovery_feed,,P1
Arrowstreet Capital,Quantitative Developer Intern,"Boston, MA",Internship,Software / AI / ML,"$3,500 - $5,000/week",2027 internship cycle,https://arrowstreetcapital.wd5.myworkdayjobs.com/Campus_Careers/job/Boston/Quantitative-Developer-Intern--Summer-2027_R1506,https://arrowstreetcapital.wd5.myworkdayjobs.com/Campus_Careers/job/Boston/Quantitative-Developer-Intern--Summer-2027_R1506,https://github.com/aprameyak/2027-tech-jobs,official verification cached,2026-07-21T03:20:18.787Z,2026-07-20,2026-07-20,2026-07-14,,arrowstreet capital|discovery_feed,discovery_feed,,P1
Arrowstreet Capital,Quantitative Researcher Intern,"Boston, MA",Internship,Software / AI / ML,"$3,500 - $5,000/week",2027 internship cycle,https://arrowstreetcapital.wd5.myworkdayjobs.com/Campus_Careers/job/Boston/Quantitative-Researcher-Intern--Summer-2027_R1505,https://arrowstreetcapital.wd5.myworkdayjobs.com/Campus_Careers/job/Boston/Quantitative-Researcher-Intern--Summer-2027_R1505,https://github.com/aprameyak/2027-tech-jobs,official verification cached,2026-07-21T03:20:18.787Z,2026-07-20,2026-07-20,2026-07-14,,arrowstreet capital|discovery_feed,discovery_feed,,P1
D. E. Shaw,Quantitative Analyst Intern,"New York, NY",Internship,Software / AI / ML,,2027 internship cycle,https://www.deshaw.com/careers/quantitative-analyst-intern-new-york-summer-2027-5890,https://www.deshaw.com/careers/quantitative-analyst-intern-new-york-summer-2027-5890,https://github.com/aprameyak/2027-tech-jobs,official verification cached,2026-07-21T03:20:18.787Z,2026-07-20,2026-07-20,2026-07-14,,d. e. shaw|discovery_feed,discovery_feed,,P1
D. E. Shaw,Systems Engineering Intern,"New York, NY",Internship,Software / AI / ML,,2027 internship cycle,https://www.deshaw.com/careers/systems-engineering-intern-new-york-summer-2027-5916,https://www.deshaw.com/careers/systems-engineering-intern-new-york-summer-2027-5916,https://github.com/aprameyak/2027-tech-jobs,official verification cached,2026-07-21T03:20:18.787Z,2026-07-20,2026-07-20,2026-07-14,,d. e. shaw|discovery_feed,discovery_feed,,P1
DRW,Software Developer Intern,"Chicago, IL",Internship,Software / AI / ML,,2027 internship cycle,https://job-boards.greenhouse.io/drweng/jobs/7992936,https://job-boards.greenhouse.io/drweng/jobs/7992936,https://github.com/aprameyak/2027-tech-jobs,official verification cached,2026-07-21T03:20:18.787Z,2026-07-20,2026-07-20,2026-07-14,,drw|discovery_feed,discovery_feed,,P1
Flow Traders,Quantitative Trading Intern,"New York, NY",Internship,Software / AI / ML,,2027 internship cycle,https://job-boards.greenhouse.io/flowtraders/jobs/8047166,https://job-boards.greenhouse.io/flowtraders/jobs/8047166,https://github.com/aprameyak/2027-tech-jobs,official verification cached,2026-07-21T03:20:18.787Z,2026-07-20,2026-07-20,2026-07-14,,flow traders|discovery_feed,discovery_feed,,P1
Two Sigma,Quantitative Researcher Intern,"New York, NY",Internship,Software / AI / ML,"$4,900/week",2027 internship cycle,https://careers.twosigma.com/careers/JobDetail/New-York-New-York-United-States-Quantitative-Researcher-Internship-2027-Summer/13945,https://careers.twosigma.com/careers/JobDetail/New-York-New-York-United-States-Quantitative-Researcher-Internship-2027-Summer/13945,https://github.com/aprameyak/2027-tech-jobs,official verification cached,2026-07-21T03:20:18.788Z,2026-07-20,2026-07-20,2026-07-14,,two sigma|discovery_feed,discovery_feed,,P1
Virtu Financial,Quantitative Research Intern,"New York, NY",Internship,Software / AI / ML,"$5,000 - $5,300/week",2027 internship cycle,https://job-boards.greenhouse.io/virtu/jobs/8142539002,https://job-boards.greenhouse.io/virtu/jobs/8142539002,https://github.com/aprameyak/2027-tech-jobs,official verification cached,2026-07-21T03:20:18.788Z,2026-07-09,2026-07-20,2026-07-14,,virtu financial|discovery_feed,discovery_feed,,P1
Walleye Capital,Quantitative Developer Intern,"Boston, MA",Internship,Software / AI / ML,"$20,000/month",2027 internship cycle,https://job-boards.greenhouse.io/walleyecapital-external-students/jobs/4679168006,https://job-boards.greenhouse.io/walleyecapital-external-students/jobs/4679168006,https://github.com/aprameyak/2027-tech-jobs,official verification cached,2026-07-21T03:20:18.788Z,2026-07-20,2026-07-20,2026-07-14,,walleye capital|discovery_feed,discovery_feed,,P1
Akuna Capital,"Platform Engineer Intern, Summer 2027","Chicago, IL",Internship,Software / AI / ML,,2027 internship cycle,https://www.akunacapital.com/careers/job/8018856?gh_jid=8018856,https://www.akunacapital.com/careers/job/8018856?gh_jid=8018856,https://github.com/zshah101/Automated-List-Of-Summer-2027-and-Fall-2026-Tech-Internships,official verification cached,2026-07-21T03:20:18.814Z,2026-07-20,2026-07-20,2026-07-13,,akuna capital|discovery_feed,discovery_feed,,P0
Hudson River Trading,Algorithm Development (Quant Research) Internship – Summer 2027,"New York, NY",Internship,Software / AI / ML,,2027 internship cycle,https://www.hudsonrivertrading.com/hrt-job/algorithm-development-quant-research-internship-summer-2027,https://www.hudsonrivertrading.com/hrt-job/algorithm-development-quant-research-internship-summer-2027,https://github.com/aprameyak/2027-tech-jobs,official verification cached,2026-07-21T03:20:18.785Z,2026-07-20,2026-07-20,2026-07-13,,hudson river trading|discovery_feed,discovery_feed,,P0
Hudson River Trading,Software Engineering Internship (C++ or Python) – Summer 2027,"New York, NY; Chicago, IL; Austin, TX",Internship,Software / AI / ML,,2027 internship cycle,https://www.hudsonrivertrading.com/hrt-job/software-engineering-internship-c-or-python-summer-2027,https://www.hudsonrivertrading.com/hrt-job/software-engineering-internship-c-or-python-summer-2027,https://github.com/aprameyak/2027-tech-jobs,official verification cached,2026-07-21T03:20:18.786Z,2026-07-20,2026-07-20,2026-07-13,,hudson river trading|discovery_feed,discovery_feed,,P0
Palantir,"Forward Deployed Infrastructure Engineer, Internship - US Government","New York, NY",Internship,Software / AI / ML,"$10,000/month",2027 internship cycle,https://jobs.lever.co/palantir/cf5f44ff-1b0b-4752-bcd4-2dc88798f25b,https://jobs.lever.co/palantir/cf5f44ff-1b0b-4752-bcd4-2dc88798f25b,https://github.com/aprameyak/2027-tech-jobs,official verification cached,2026-07-21T03:20:18.784Z,2026-07-20,2026-07-20,2026-07-12,,palantir|discovery_feed,discovery_feed,,P1
Palantir,"Forward Deployed Infrastructure Engineer, Internship - US Government","Palo Alto, CA",Internship,Software / AI / ML,"$10,000/month",2027 internship cycle,https://jobs.lever.co/palantir/8f362a1f-1eff-4327-94c1-ff46e2101c69,https://jobs.lever.co/palantir/8f362a1f-1eff-4327-94c1-ff46e2101c69,https://github.com/aprameyak/2027-tech-jobs,official verification cached,2026-07-21T03:20:18.784Z,2026-07-20,2026-07-20,2026-07-12,,palantir|discovery_feed,discovery_feed,,P1
Intel,DTCO Data Engineer Intern,"Austin, TX",Internship,Software / AI / ML,,2027 internship cycle,https://intel.wd1.myworkdayjobs.com/en-US/External/job/US-Texas-Austin/DTCO-Data-Engineer-Intern_JR0285341,https://intel.wd1.myworkdayjobs.com/en-US/External/job/US-Texas-Austin/DTCO-Data-Engineer-Intern_JR0285341,https://github.com/aprameyak/2027-tech-jobs,official verification cached,2026-07-21T03:20:18.780Z,2026-07-20,2026-07-20,2026-07-11,,intel|discovery_feed,discovery_feed,,P1
Jump Trading,Campus Data Engineer (Intern),"Chicago, IL",Internship,Software / AI / ML,,2027 internship cycle,https://www.jumptrading.com/hr/job?gh_jid=8002998,https://www.jumptrading.com/hr/job?gh_jid=8002998,https://github.com/aprameyak/2027-tech-jobs,official verification cached,2026-07-21T03:25:08.874Z,2026-07-20,2026-07-20,2026-07-11,,jump trading|discovery_feed,discovery_feed,,P1
Northrop Grumman,2027 Intern Software Engineer,"Melbourne, FL",Internship,Software / AI / ML,,2027 internship cycle,https://ngc.wd1.myworkdayjobs.com/northrop_grumman_external_site/job/United-States-Florida-Melbourne/XMLNAME-2027-Intern-Software-Engineer_R10239275,https://ngc.wd1.myworkdayjobs.com/northrop_grumman_external_site/job/United-States-Florida-Melbourne/XMLNAME-2027-Intern-Software-Engineer_R10239275,https://github.com/aprameyak/2027-tech-jobs,official verification cached,2026-07-21T03:20:18.784Z,2026-07-20,2026-07-20,2026-07-11,,northrop grumman|discovery_feed,discovery_feed,,P0
Point72,Machine Learning Researcher - Intern,"New York, NY",Internship,Software / AI / ML,,2027 internship cycle,https://boards.greenhouse.io/point72/jobs/7302611002?gh_jid=7302611002,https://boards.greenhouse.io/point72/jobs/7302611002?gh_jid=7302611002,https://github.com/aprameyak/2027-tech-jobs,official verification cached,2026-07-21T03:20:18.780Z,2026-07-20,2026-07-20,2026-07-11,,point72|discovery_feed,discovery_feed,,P1
Point72,Quantitative Developer Intern,"New York, NY",Internship,Software / AI / ML,,2027 internship cycle,https://boards.greenhouse.io/point72/jobs/7609197002?gh_jid=7609197002,https://boards.greenhouse.io/point72/jobs/7609197002?gh_jid=7609197002,https://github.com/aprameyak/2027-tech-jobs,official verification cached,2026-07-21T03:20:18.780Z,2026-07-20,2026-07-20,2026-07-11,,point72|discovery_feed,discovery_feed,,P1
Point72,Quantitative Research Intern,"New York, NY; Seattle, WA",Internship,Software / AI / ML,,2027 internship cycle,https://boards.greenhouse.io/point72/jobs/7297667002?gh_jid=7297667002,https://boards.greenhouse.io/point72/jobs/7297667002?gh_jid=7297667002,https://github.com/aprameyak/2027-tech-jobs,official verification cached,2026-07-21T03:20:18.779Z,2026-07-20,2026-07-20,2026-07-11,,point72|discovery_feed,discovery_feed,,P1
Point72,Quantitative Research Intern (NLP),"New York, NY",Internship,Software / AI / ML,,2027 internship cycle,https://boards.greenhouse.io/point72/jobs/8018862002?gh_jid=8018862002,https://boards.greenhouse.io/point72/jobs/8018862002?gh_jid=8018862002,https://github.com/aprameyak/2027-tech-jobs,official verification cached,2026-07-21T03:20:18.779Z,2026-07-20,2026-07-20,2026-07-11,,point72|discovery_feed,discovery_feed,,P1
Rakuten International,"Intern - Software Engineer, AI User Experience","San Mateo, CA",Internship,Software / AI / ML,,2027 internship cycle,https://rakuten.wd1.myworkdayjobs.com/en-US/RakutenAmericas/job/San-Mateo-California/Intern---Software-Engineer--AI-User-Experience_1033171,https://rakuten.wd1.myworkdayjobs.com/en-US/RakutenAmericas/job/San-Mateo-California/Intern---Software-Engineer--AI-User-Experience_1033171,https://github.com/aprameyak/2027-tech-jobs,official verification cached,2026-07-21T03:20:18.780Z,2026-07-20,2026-07-20,2026-07-11,,rakuten international|discovery_feed,discovery_feed,,P1
Seven Research,Algorithmic Developer - Intern,"New York, NY",Internship,Software / AI / ML,,2027 internship cycle,https://job-boards.greenhouse.io/sevenresearch/jobs/4895082008,https://job-boards.greenhouse.io/sevenresearch/jobs/4895082008,https://github.com/aprameyak/2027-tech-jobs,official verification cached,2026-07-21T03:20:18.779Z,2026-07-20,2026-07-20,2026-07-11,,seven research|discovery_feed,discovery_feed,,P1
Seven Research,Deep Learning Researcher - Intern,"New York, NY",Internship,Software / AI / ML,,2027 internship cycle,https://job-boards.greenhouse.io/sevenresearch/jobs/4895007008,https://job-boards.greenhouse.io/sevenresearch/jobs/4895007008,https://github.com/aprameyak/2027-tech-jobs,official verification cached,2026-07-21T03:20:18.778Z,2026-07-20,2026-07-20,2026-07-11,,seven research|discovery_feed,discovery_feed,,P1
Amazon,"Quantum Signal Train Engineer Internship, Amazon Center for Quantum Computing","Pasadena, CA",Internship,Software / AI / ML,,2027 internship cycle,https://www.amazon.jobs/en/jobs/10387501/quantum-signal-train-engineer-internship-amazon-center-for-quantum-computing,https://www.amazon.jobs/en/jobs/10387501/quantum-signal-train-engineer-internship-amazon-center-for-quantum-computing,https://github.com/aprameyak/2027-tech-jobs,official verification cached,2026-07-21T03:20:18.774Z,2026-07-20,2026-07-20,2026-07-10,,amazon|discovery_feed,discovery_feed,,P1
Apple,Software Engineering Intern (Undergrad),"Cupertino, CA",Internship,Software / AI / ML,,2027 internship cycle,https://jobs.apple.com/en-us/details/200664785/software-undergrad-engineering-internships,https://jobs.apple.com/en-us/details/200664785/software-undergrad-engineering-internships,https://github.com/aprameyak/2027-tech-jobs,official verification cached,2026-07-21T03:25:12.199Z,2026-07-20,2026-07-20,2026-07-10,,apple|discovery_feed,discovery_feed,,P1
Base Power,Software Engineering Intern,"Austin, TX",Internship,Software / AI / ML,,2027 internship cycle,https://jobs.ashbyhq.com/base-power/5353ea33-57d4-46fa-9a96-e392a3f841bc/application,https://jobs.ashbyhq.com/base-power/5353ea33-57d4-46fa-9a96-e392a3f841bc/application,https://github.com/zapplyjobs/Internships-2027,official verification cached,2026-07-21T03:20:18.780Z,2026-07-20,2026-07-20,2026-07-10,,base power|discovery_feed,discovery_feed,,P1
BillionToOne,Software Engineering Intern,"Menlo Park, CA",Internship,Software / AI / ML,,2027 internship cycle,https://job-boards.greenhouse.io/billiontoone/jobs/4702398005,https://job-boards.greenhouse.io/billiontoone/jobs/4702398005,https://github.com/aprameyak/2027-tech-jobs,official verification cached,2026-07-21T03:25:09.473Z,2026-07-20,2026-07-20,2026-07-10,,billiontoone|discovery_feed,discovery_feed,,P1
Blue Origin,"Software Developer Internship, Undergraduate","Seattle, WA",Internship,Software / AI / ML,,2027 internship cycle,https://blueorigin.wd5.myworkdayjobs.com/en-US/blueorigin/job/Greater-Seattle-Area/Spring-2027--Software-Developer-Internship---Undergraduate_R66216,https://blueorigin.wd5.myworkdayjobs.com/en-US/blueorigin/job/Greater-Seattle-Area/Spring-2027--Software-Developer-Internship---Undergraduate_R66216,https://github.com/aprameyak/2027-tech-jobs,official verification cached,2026-07-21T03:20:18.781Z,2026-07-20,2026-07-20,2026-07-10,,blue origin|discovery_feed,discovery_feed,,P1
Centerfield,Software Engineer Intern,"Los Angeles, CA",Internship,Software / AI / ML,$30 - $30/hr,2027 internship cycle,https://jobs.ashbyhq.com/centerfield/3279e803-56ab-4e12-8168-c2fd60bc8e60,https://jobs.ashbyhq.com/centerfield/3279e803-56ab-4e12-8168-c2fd60bc8e60,https://github.com/aprameyak/2027-tech-jobs,official verification cached,2026-07-21T03:20:18.781Z,2026-07-20,2026-07-20,2026-07-10,,centerfield|discovery_feed,discovery_feed,,P1
Charles River Analytics,Software Engineering Intern,"Cambridge, MA",Internship,Software / AI / ML,,2027 internship cycle,https://cra.com/job-listings/job?gh_jid=8047653,https://cra.com/job-listings/job?gh_jid=8047653,https://github.com/aprameyak/2027-tech-jobs,official verification cached,2026-07-21T03:25:13.548Z,2026-07-20,2026-07-20,2026-07-10,,charles river analytics|discovery_feed,discovery_feed,,P1
Circleback,Software Engineering Intern,"San Francisco, CA",Internship,Software / AI / ML,"$7,000 - $10,000/month",2027 internship cycle,https://jobs.ashbyhq.com/circleback/2bb6be67-d1a8-42f7-bb1b-64ee36bf613f,https://jobs.ashbyhq.com/circleback/2bb6be67-d1a8-42f7-bb1b-64ee36bf613f,https://github.com/aprameyak/2027-tech-jobs,official verification cached,2026-07-21T03:20:18.781Z,2026-07-20,2026-07-20,2026-07-10,,circleback|discovery_feed,discovery_feed,,P1
CTGT,Software Engineering Intern,"San Francisco, CA",Internship,Software / AI / ML,"$8,000 - $12,000/month",2027 internship cycle,https://jobs.ashbyhq.com/ctgt/f657c2f5-125e-42b6-a68a-646bbea3d155,https://jobs.ashbyhq.com/ctgt/f657c2f5-125e-42b6-a68a-646bbea3d155,https://github.com/aprameyak/2027-tech-jobs,official verification cached,2026-07-21T03:20:18.781Z,2026-07-20,2026-07-20,2026-07-10,,ctgt|discovery_feed,discovery_feed,,P1
Ellipsis Labs,Software Engineer Intern,"New York, NY",Internship,Software / AI / ML,"$10,000 - $10,000/month",2027 internship cycle,https://jobs.ashbyhq.com/ellipsislabs/02136b22-35b1-4b3d-8bef-567c3380a849,https://jobs.ashbyhq.com/ellipsislabs/02136b22-35b1-4b3d-8bef-567c3380a849,https://github.com/aprameyak/2027-tech-jobs,official verification cached,2026-07-21T03:20:18.782Z,2026-07-20,2026-07-20,2026-07-10,,ellipsis labs|discovery_feed,discovery_feed,,P1
Exowatt,Software Engineering Intern - Agent Platform (AI),"Miami, FL",Internship,Software / AI / ML,,2027 internship cycle,https://jobs.lever.co/exowatt/2623555d-8b81-4f95-8bca-de9fafd2381c,https://jobs.lever.co/exowatt/2623555d-8b81-4f95-8bca-de9fafd2381c,https://github.com/zshah101/Automated-List-Of-Summer-2027-and-Fall-2026-Tech-Internships,official verification cached,2026-07-21T03:20:18.814Z,2026-07-20,2026-07-20,2026-07-10,,exowatt|discovery_feed,discovery_feed,,P1
GenBio AI,Software Engineering Intern,"Palo Alto, CA",Internship,Software / AI / ML,,2027 internship cycle,https://jobs.lever.co/genbio/4bdb14ae-e19f-40c8-84db-1307dbdabe74/apply,https://jobs.lever.co/genbio/4bdb14ae-e19f-40c8-84db-1307dbdabe74/apply,https://github.com/zapplyjobs/Internships-2027,official verification cached,2026-07-21T03:20:18.818Z,2026-07-20,2026-07-20,2026-07-10,,genbio ai|discovery_feed,discovery_feed,,P1
Homebase,"Forward Deployed Engineering Intern, AI-Native","Houston, TX; San Francisco, CA",Internship,Software / AI / ML,,2027 internship cycle,https://jobs.ashbyhq.com/homebase/a7ab59c0-786e-4675-b684-2ed19b240fb2,https://jobs.ashbyhq.com/homebase/a7ab59c0-786e-4675-b684-2ed19b240fb2,https://github.com/aprameyak/2027-tech-jobs,official verification cached,2026-07-21T03:25:09.870Z,2026-07-20,2026-07-20,2026-07-10,,homebase|discovery_feed,discovery_feed,,P1
Jane Street,Machine Learning Engineer Internship,"New York, NY",Internship,Software / AI / ML,"$300,000",2027 internship cycle,https://www.janestreet.com/join-jane-street/position/8611307002,https://www.janestreet.com/join-jane-street/position/8611307002,https://github.com/aprameyak/2027-tech-jobs,official verification cached,2026-07-21T03:20:18.777Z,2026-07-20,2026-07-20,2026-07-10,,jane street|discovery_feed,discovery_feed,,P1
Jane Street,Machine Learning Researcher Internship,"New York, NY",Internship,Software / AI / ML,"$300,000",2027 internship cycle,https://www.janestreet.com/join-jane-street/position/8384490002,https://www.janestreet.com/join-jane-street/position/8384490002,https://github.com/aprameyak/2027-tech-jobs,official verification cached,2026-07-21T03:20:18.777Z,2026-07-20,2026-07-20,2026-07-10,,jane street|discovery_feed,discovery_feed,,P1
Jane Street,Network Engineer Internship,"New York, NY",Internship,Software / AI / ML,"$300,000",2027 internship cycle,https://www.janestreet.com/join-jane-street/position/8620793002,https://www.janestreet.com/join-jane-street/position/8620793002,https://github.com/aprameyak/2027-tech-jobs,official verification cached,2026-07-21T03:20:18.777Z,2026-07-20,2026-07-20,2026-07-10,,jane street|discovery_feed,discovery_feed,,P1
Jane Street,Quantitative Researcher Internship,"New York, NY",Internship,Software / AI / ML,"$300,000",2027 internship cycle,https://www.janestreet.com/join-jane-street/position/8498547002,https://www.janestreet.com/join-jane-street/position/8498547002,https://github.com/aprameyak/2027-tech-jobs,official verification cached,2026-07-21T03:20:18.778Z,2026-07-20,2026-07-20,2026-07-10,,jane street|discovery_feed,discovery_feed,,P1
Jane Street,Quantitative Trader Internship,"New York, NY",Internship,Software / AI / ML,"$300,000",2027 internship cycle,https://www.janestreet.com/join-jane-street/position/8617344002,https://www.janestreet.com/join-jane-street/position/8617344002,https://github.com/aprameyak/2027-tech-jobs,official verification cached,2026-07-21T03:20:18.778Z,2026-07-20,2026-07-20,2026-07-10,,jane street|discovery_feed,discovery_feed,,P1
Jane Street,Software Engineer Internship,"New York, NY",Internship,Software / AI / ML,"$300,000",2027 internship cycle,https://www.janestreet.com/join-jane-street/position/8599644002,https://www.janestreet.com/join-jane-street/position/8599644002,https://github.com/aprameyak/2027-tech-jobs,official verification cached,2026-07-21T03:20:18.777Z,2026-07-20,2026-07-20,2026-07-10,,jane street|discovery_feed,discovery_feed,,P1
Jane Street,Software Engineer Winter Co-op,"New York, NY",Internship,Software / AI / ML,"$300,000",2027 internship cycle,https://www.janestreet.com/join-jane-street/position/8419303002,https://www.janestreet.com/join-jane-street/position/8419303002,https://github.com/aprameyak/2027-tech-jobs,official verification cached,2026-07-21T03:20:18.782Z,2026-07-20,2026-07-20,2026-07-10,,jane street|discovery_feed,discovery_feed,,P1
LiveRamp,"Software Engineer Intern, Pixel Serving","New York, NY",Internship,Software / AI / ML,,2027 internship cycle,https://liveramp.wd5.myworkdayjobs.com/LiveRampCareers/job/New-York/Intern--Software-Engineer---Pixel-Serving_JR012201,https://liveramp.wd5.myworkdayjobs.com/LiveRampCareers/job/New-York/Intern--Software-Engineer---Pixel-Serving_JR012201,https://github.com/aprameyak/2027-tech-jobs,official verification cached,2026-07-21T03:20:18.782Z,2026-07-20,2026-07-20,2026-07-10,,liveramp|discovery_feed,discovery_feed,,P1
Manhattan Associates,"A.I. Developer Co-Op (Boston, MA)",US - Home Office,Internship,Software / AI / ML,,2027 internship cycle,https://manh.wd5.myworkdayjobs.com/campus/job/US---Home-Office/AI-Developer-Co-Op--Boston--MA-_16931,https://manh.wd5.myworkdayjobs.com/campus/job/US---Home-Office/AI-Developer-Co-Op--Boston--MA-_16931,https://github.com/zshah101/Automated-List-Of-Summer-2027-and-Fall-2026-Tech-Internships,official verification cached,2026-07-21T03:20:18.815Z,2026-07-20,2026-07-20,2026-07-10,2026-09-30,manhattan associates|discovery_feed,discovery_feed,,P1
Palantir,"Forward Deployed Infrastructure Engineer, Internship - US Government","Washington, D.C.",Internship,Software / AI / ML,"$10,000/month",2027 internship cycle,https://jobs.lever.co/palantir/3db7e40a-28e0-4ad1-96c5-93de5bc96aa9,https://jobs.lever.co/palantir/3db7e40a-28e0-4ad1-96c5-93de5bc96aa9,https://github.com/zshah101/Automated-List-Of-Summer-2027-and-Fall-2026-Tech-Internships,official verification cached,2026-07-21T03:20:18.815Z,2026-07-20,2026-07-20,2026-07-10,,palantir|discovery_feed,discovery_feed,,P1
Plus,"Software Engineer Intern, Runtime & Robotics","Santa Clara, CA",Internship,Software / AI / ML,$19 - $65 an hour,2027 internship cycle,https://jobs.lever.co/plus-2/a3bcdba6-b0d0-46ba-9af3-a387926a6fb4,https://jobs.lever.co/plus-2/a3bcdba6-b0d0-46ba-9af3-a387926a6fb4,https://github.com/aprameyak/2027-tech-jobs,official verification cached,2026-07-21T03:20:18.783Z,2026-07-20,2026-07-20,2026-07-10,,plus|discovery_feed,discovery_feed,,P1
Podium,Software Engineering Intern,"Lehi, UT",Internship,Software / AI / ML,,2027 internship cycle,https://job-boards.greenhouse.io/podium81/jobs/7939921,https://job-boards.greenhouse.io/podium81/jobs/7939921,https://github.com/aprameyak/2027-tech-jobs,official verification cached,2026-07-21T03:25:10.224Z,2026-07-20,2026-07-20,2026-07-10,,podium|discovery_feed,discovery_feed,,P1
Salesforce,Software Engineer Intern,"Burlington, MA; New York, NY; Palo Alto, CA; San Francisco, CA; Seattle, WA",Internship,Software / AI / ML,,2027 internship cycle,https://salesforce.wd12.myworkdayjobs.com/External_Career_Site/job/California---San-Francisco/Summer-2027-Intern---Software-Engineer_JR340771-1,https://salesforce.wd12.myworkdayjobs.com/External_Career_Site/job/California---San-Francisco/Summer-2027-Intern---Software-Engineer_JR340771-1,https://github.com/aprameyak/2027-tech-jobs,official verification cached,2026-07-21T03:20:18.783Z,2026-07-20,2026-07-20,2026-07-10,,salesforce|discovery_feed,discovery_feed,,P1
Sony,Software Engineer Intern,"San Diego, CA",Internship,Software / AI / ML,$24.20 - $38.50/hr,2027 internship cycle,https://sonyglobal.wd1.myworkdayjobs.com/en-US/sonyglobalcareers/job/San-Diego/Software-Engineer-Intern_JR-119282,https://sonyglobal.wd1.myworkdayjobs.com/en-US/sonyglobalcareers/job/San-Diego/Software-Engineer-Intern_JR-119282,https://github.com/aprameyak/2027-tech-jobs,official verification cached,2026-07-21T03:20:18.783Z,2026-07-20,2026-07-20,2026-07-10,,sony|discovery_feed,discovery_feed,,P1
Veeam Software,"Software Engineering Intern, Platform, Security & AI","San Jose, CA",Internship,Software / AI / ML,,2027 internship cycle,https://job-boards.eu.greenhouse.io/veeamsoftware/jobs/4857832101,https://job-boards.eu.greenhouse.io/veeamsoftware/jobs/4857832101,https://github.com/aprameyak/2027-tech-jobs,official verification cached,2026-07-21T03:25:11.426Z,2026-07-20,2026-07-20,2026-07-10,,veeam software|discovery_feed,discovery_feed,,P1
Veeam Software,"Software Engineering Intern, Policy Engineering","San Jose, CA",Internship,Software / AI / ML,,2027 internship cycle,https://job-boards.eu.greenhouse.io/veeamsoftware/jobs/4857828101,https://job-boards.eu.greenhouse.io/veeamsoftware/jobs/4857828101,https://github.com/aprameyak/2027-tech-jobs,official verification cached,2026-07-21T03:25:11.453Z,2026-07-20,2026-07-20,2026-07-10,,veeam software|discovery_feed,discovery_feed,,P1
DE Shaw,Software Developer Intern,"New York, NY",Internship,Software / AI / ML,,2027 internship cycle,https://www.deshaw.com/careers/software-developer-intern-new-york-summer-2027-5894,https://www.deshaw.com/careers/software-developer-intern-new-york-summer-2027-5894,https://github.com/aprameyak/2027-tech-jobs,official verification cached,2026-07-21T03:20:18.775Z,2026-07-20,2026-07-20,2026-07-09,,de shaw|discovery_feed,discovery_feed,,P1
Jump Trading,Campus Systems Engineer Intern,"Chicago, IL",Internship,Software / AI / ML,,2027 internship cycle,https://www.jumptrading.com/hr/job?gh_jid=8007788,https://www.jumptrading.com/hr/job?gh_jid=8007788,https://github.com/aprameyak/2027-tech-jobs,official verification cached,2026-07-21T03:25:11.152Z,2026-07-20,2026-07-20,2026-07-09,,jump trading|discovery_feed,discovery_feed,,P1
Jump Trading,Campus UI Software Engineer Intern,"Chicago, IL",Internship,Software / AI / ML,,2027 internship cycle,https://www.jumptrading.com/hr/job?gh_jid=8003019,https://www.jumptrading.com/hr/job?gh_jid=8003019,https://github.com/aprameyak/2027-tech-jobs,official verification cached,2026-07-21T03:25:11.131Z,2026-07-20,2026-07-20,2026-07-09,,jump trading|discovery_feed,discovery_feed,,P1
Jump Trading,Quantitative Trader Intern,"Chicago, IL; New York, NY",Internship,Software / AI / ML,,2027 internship cycle,https://www.jumptrading.com/hr/job?gh_jid=7848371,https://www.jumptrading.com/hr/job?gh_jid=7848371,https://github.com/aprameyak/2027-tech-jobs,official verification cached,2026-07-21T03:25:11.078Z,2026-07-20,2026-07-20,2026-07-09,,jump trading|discovery_feed,discovery_feed,,P1
Jump Trading,Software Engineer Intern,"Chicago, IL",Internship,Software / AI / ML,,2027 internship cycle,https://www.jumptrading.com/hr/job?gh_jid=8002989,https://www.jumptrading.com/hr/job?gh_jid=8002989,https://github.com/aprameyak/2027-tech-jobs,official verification cached,2026-07-21T03:25:11.099Z,2026-07-20,2026-07-20,2026-07-09,,jump trading|discovery_feed,discovery_feed,,P1
LA-Tech.org,"Technical Intern, Software / Cyber / AI (Spring 2027, remote)","Los Angeles, CA / Remote (US)",Internship,Software / AI / ML,,2027 internship cycle,https://pod4.app.loxo.co/job/Mzk2ODktbmxudnJmeGRuOXM0OHE3ZA==,https://pod4.app.loxo.co/job/Mzk2ODktbmxudnJmeGRuOXM0OHE3ZA==,https://github.com/sndsh404/summer-2027-internships,official verification cached,2026-07-21T03:20:18.809Z,2026-07-20,2026-07-20,2026-07-09,,la-tech.org|discovery_feed,discovery_feed,,P0
Palantir,"Forward Deployed Software Engineer, Internship - Commercial","New York, NY",Internship,Software / AI / ML,"$10,000/month",2027 internship cycle,https://jobs.lever.co/palantir/4d29249a-d7e8-4c39-880d-3b35d7b2f6f6,https://jobs.lever.co/palantir/4d29249a-d7e8-4c39-880d-3b35d7b2f6f6,https://github.com/aprameyak/2027-tech-jobs,official verification cached,2026-07-21T03:20:18.771Z,2026-07-20,2026-07-20,2026-07-09,,palantir|discovery_feed,discovery_feed,,P1
Palantir,"Forward Deployed Software Engineer, Internship - US Government","Honolulu, HI",Internship,Software / AI / ML,"$10,000/month",2027 internship cycle,https://jobs.lever.co/palantir/315f695d-04d1-4a9a-848e-cb2bec7a997e,https://jobs.lever.co/palantir/315f695d-04d1-4a9a-848e-cb2bec7a997e,https://github.com/aprameyak/2027-tech-jobs,official verification cached,2026-07-21T03:20:18.773Z,2026-07-20,2026-07-20,2026-07-09,,palantir|discovery_feed,discovery_feed,,P1
Palantir,"Privacy and Civil Liberties Software Engineer, Internship","New York, NY",Internship,Software / AI / ML,"$6,250/month",2027 internship cycle,https://jobs.lever.co/palantir/09846827-b931-4a9f-bd64-c3bb8860187b,https://jobs.lever.co/palantir/09846827-b931-4a9f-bd64-c3bb8860187b,https://github.com/aprameyak/2027-tech-jobs,official verification cached,2026-07-21T03:20:18.773Z,2026-07-20,2026-07-20,2026-07-09,,palantir|discovery_feed,discovery_feed,,P1
Palantir,"Software Engineer Intern, Defense Tech","Washington, DC (multiple US)",Internship,Software / AI / ML,"$10,500/month",2027 internship cycle,https://jobs.lever.co/palantir/f17e98d0-046a-4e6e-9d65-ed0b12dd0ff7,https://jobs.lever.co/palantir/f17e98d0-046a-4e6e-9d65-ed0b12dd0ff7,https://github.com/sndsh404/summer-2027-internships,official verification cached,2026-07-21T03:20:18.809Z,2026-07-07,2026-07-20,2026-07-09,,palantir|discovery_feed,discovery_feed,,P1
Palantir,"Software Engineer, Internship","Denver, CO",Internship,Software / AI / ML,"$10,500/month",2027 internship cycle,https://jobs.lever.co/palantir/373eb939-6f57-4836-8479-be79a5e07249,https://jobs.lever.co/palantir/373eb939-6f57-4836-8479-be79a5e07249,https://github.com/aprameyak/2027-tech-jobs,official verification cached,2026-07-21T03:20:18.773Z,2026-07-07,2026-07-20,2026-07-09,,palantir|discovery_feed,discovery_feed,,P1
Palantir,"Software Engineer, Internship - Defense Tech","New York, NY",Internship,Software / AI / ML,"$10,500/month",2027 internship cycle,https://jobs.lever.co/palantir/8bcf4f33-0a79-4248-bbfd-49ac4be9dd8e,https://jobs.lever.co/palantir/8bcf4f33-0a79-4248-bbfd-49ac4be9dd8e,https://github.com/aprameyak/2027-tech-jobs,official verification cached,2026-07-21T03:20:18.773Z,2026-07-07,2026-07-20,2026-07-09,,palantir|discovery_feed,discovery_feed,,P1
Palantir,"Software Engineer, Internship - Infrastructure","New York, NY",Internship,Software / AI / ML,"$10,500/month",2027 internship cycle,https://jobs.lever.co/palantir/b229baac-494b-4a0d-9a13-2e38806e06f3,https://jobs.lever.co/palantir/b229baac-494b-4a0d-9a13-2e38806e06f3,https://github.com/aprameyak/2027-tech-jobs,official verification cached,2026-07-21T03:20:18.773Z,2026-07-07,2026-07-20,2026-07-09,,palantir|discovery_feed,discovery_feed,,P1
Palantir,"Software Engineer, Internship - Production Infrastructure","Seattle, WA",Internship,Software / AI / ML,"$10,500/month",2027 internship cycle,https://jobs.lever.co/palantir/373367a9-3160-49d8-b7af-2efec062fad1,https://jobs.lever.co/palantir/373367a9-3160-49d8-b7af-2efec062fad1,https://github.com/aprameyak/2027-tech-jobs,official verification cached,2026-07-21T03:20:18.773Z,2026-07-07,2026-07-20,2026-07-09,,palantir|discovery_feed,discovery_feed,,P1
Palantir,"Year at Palantir - Forward Deployed Software Engineer, Internship - Commercial","Chicago, IL",Internship,Software / AI / ML,"$5,900 - $10,500/month",2027 internship cycle,https://jobs.lever.co/palantir/75cc1c09-8ebd-44c8-b3bc-d122cd1fecb3,https://jobs.lever.co/palantir/75cc1c09-8ebd-44c8-b3bc-d122cd1fecb3,https://github.com/aprameyak/2027-tech-jobs,official verification cached,2026-07-21T03:20:18.771Z,2026-07-20,2026-07-20,2026-07-09,,palantir|discovery_feed,discovery_feed,,P1
Palantir,"Year at Palantir - Forward Deployed Software Engineer, Internship - Commercial","New York, NY",Internship,Software / AI / ML,"$5,900 - $10,500/month",2027 internship cycle,https://jobs.lever.co/palantir/e6789b17-62fb-4226-a079-f8c17ff19e2d,https://jobs.lever.co/palantir/e6789b17-62fb-4226-a079-f8c17ff19e2d,https://github.com/aprameyak/2027-tech-jobs,official verification cached,2026-07-21T03:20:18.774Z,2026-07-20,2026-07-20,2026-07-09,,palantir|discovery_feed,discovery_feed,,P1
Palantir,"Year at Palantir - Forward Deployed Software Engineer, Internship - USG","New York, NY",Internship,Software / AI / ML,"$5,900 - $10,500/month",2027 internship cycle,https://jobs.lever.co/palantir/5c7bb70c-83ea-43e7-8055-0c8f319f4333,https://jobs.lever.co/palantir/5c7bb70c-83ea-43e7-8055-0c8f319f4333,https://github.com/aprameyak/2027-tech-jobs,official verification cached,2026-07-21T03:20:18.774Z,2026-07-20,2026-07-20,2026-07-09,,palantir|discovery_feed,discovery_feed,,P1
Seven Research,Quantitative Researcher - Intern,"New York, NY",Internship,Software / AI / ML,,2027 internship cycle,https://job-boards.greenhouse.io/sevenresearch/jobs/4894946008,https://job-boards.greenhouse.io/sevenresearch/jobs/4894946008,https://github.com/aprameyak/2027-tech-jobs,official verification cached,2026-07-21T03:20:18.774Z,2026-07-20,2026-07-20,2026-07-09,,seven research|discovery_feed,discovery_feed,,P1
Susquehanna International Group,Quantitative Strategy Developer Intern,"Bala Cynwyd, PA",Internship,Software / AI / ML,$0 - $0/hr,2027 internship cycle,https://careers.sig.com/jobs/10838,https://careers.sig.com/jobs/10838,https://github.com/sndsh404/summer-2027-internships,official verification cached,2026-07-21T03:20:18.775Z,2026-07-20,2026-07-20,2026-07-09,2027-05-14,susquehanna international group|discovery_feed,discovery_feed,,P1
Copart,DevOps Engineering Intern,"Dallas, TX - Headquarters",Internship,Software / AI / ML,,2027 internship cycle,https://copart.wd12.myworkdayjobs.com/copart/job/Dallas-TX---Headquarters/DevOps-Engineering-Intern_JR109490,https://copart.wd12.myworkdayjobs.com/copart/job/Dallas-TX---Headquarters/DevOps-Engineering-Intern_JR109490,https://github.com/zshah101/Automated-List-Of-Summer-2027-and-Fall-2026-Tech-Internships,official verification cached,2026-07-21T03:20:18.815Z,2026-07-20,2026-07-20,2026-07-08,,copart|discovery_feed,discovery_feed,,P1
Palantir,"Forward Deployed Software Engineer, Internship - Commercial","Chicago, IL",Internship,Software / AI / ML,"$10,000/month",2027 internship cycle,https://jobs.lever.co/palantir/d5486403-c050-4920-b2e0-91b69b61ebb2,https://jobs.lever.co/palantir/d5486403-c050-4920-b2e0-91b69b61ebb2,https://github.com/aprameyak/2027-tech-jobs,official verification cached,2026-07-21T03:20:18.771Z,2026-07-20,2026-07-20,2026-07-08,,palantir|discovery_feed,discovery_feed,,P1
Palantir,"Forward Deployed Software Engineer, Internship - US Government","New York, NY",Internship,Software / AI / ML,"$10,000/month",2027 internship cycle,https://jobs.lever.co/palantir/e0010393-c300-446f-bf67-fa2ef067f16f,https://jobs.lever.co/palantir/e0010393-c300-446f-bf67-fa2ef067f16f,https://github.com/aprameyak/2027-tech-jobs,official verification cached,2026-07-21T03:20:18.771Z,2026-07-07,2026-07-20,2026-07-08,,palantir|discovery_feed,discovery_feed,,P1
Palantir,"Software Engineer, Internship","New York, NY",Internship,Software / AI / ML,"$10,500/month",2027 internship cycle,https://jobs.lever.co/palantir/7d69cf8a-06fd-4f05-bd84-27149db29c4d,https://jobs.lever.co/palantir/7d69cf8a-06fd-4f05-bd84-27149db29c4d,https://github.com/aprameyak/2027-tech-jobs,official verification cached,2026-07-21T03:20:18.770Z,2026-07-07,2026-07-20,2026-07-08,,palantir|discovery_feed,discovery_feed,,P1
Palantir,"Software Engineer, Internship","Palo Alto, CA",Internship,Software / AI / ML,"$10,500/month",2027 internship cycle,https://jobs.lever.co/palantir/e27af7ab-41fc-40c9-b31d-02c6cb1c505c,https://jobs.lever.co/palantir/e27af7ab-41fc-40c9-b31d-02c6cb1c505c,https://github.com/aprameyak/2027-tech-jobs,official verification cached,2026-07-21T03:20:18.770Z,2026-07-07,2026-07-20,2026-07-08,,palantir|discovery_feed,discovery_feed,,P1
Palantir,"Software Engineer, Internship - Defense Tech","Palo Alto, CA",Internship,Software / AI / ML,"$10,500/month",2027 internship cycle,https://jobs.lever.co/palantir/a483f41b-0da9-42ea-8ed6-cbf6eb93cc6d,https://jobs.lever.co/palantir/a483f41b-0da9-42ea-8ed6-cbf6eb93cc6d,https://github.com/aprameyak/2027-tech-jobs,official verification cached,2026-07-21T03:20:18.769Z,2026-07-07,2026-07-20,2026-07-08,,palantir|discovery_feed,discovery_feed,,P1
Palantir,"Software Engineer, Internship - Infrastructure","Palo Alto, CA",Internship,Software / AI / ML,"$10,500/month",2027 internship cycle,https://jobs.lever.co/palantir/f221738b-e97c-4ce3-a12a-17ada2b855e4,https://jobs.lever.co/palantir/f221738b-e97c-4ce3-a12a-17ada2b855e4,https://github.com/aprameyak/2027-tech-jobs,official verification cached,2026-07-21T03:20:18.769Z,2026-07-07,2026-07-20,2026-07-08,,palantir|discovery_feed,discovery_feed,,P1
Palantir,"Software Engineer, Internship - Production Infrastructure","New York, NY",Internship,Software / AI / ML,"$10,500/month",2027 internship cycle,https://jobs.lever.co/palantir/37964982-9b4c-471e-a1d8-fb8f45d7f116,https://jobs.lever.co/palantir/37964982-9b4c-471e-a1d8-fb8f45d7f116,https://github.com/aprameyak/2027-tech-jobs,official verification cached,2026-07-21T03:20:18.769Z,2026-07-07,2026-07-20,2026-07-08,,palantir|discovery_feed,discovery_feed,,P1
Anduril,Software Engineer Intern,"6 locations Atlanta, GA Boston, MA Costa Mesa, CA Irvine, CA Reston, VA Seattle, WA",Internship,Software / AI / ML,$40 - $55/hr USD,2027 internship cycle,https://job-boards.greenhouse.io/andurilindustries/jobs/5148079007?gh_jid=5148079007,https://job-boards.greenhouse.io/andurilindustries/jobs/5148079007?gh_jid=5148079007,https://github.com/vanshb03/Summer2027-Internships,official verification cached,2026-07-21T03:20:18.811Z,2026-07-20,2026-07-20,2026-07-07,,anduril|discovery_feed,discovery_feed,,P1
Aquatic,"Quantitative Researcher, Intern (Summer 2027)","Chicago, IL",Internship,Software / AI / ML,,2027 internship cycle,https://job-boards.greenhouse.io/aquaticcapitalmanagement/jobs/8489186002,https://job-boards.greenhouse.io/aquaticcapitalmanagement/jobs/8489186002,https://github.com/aprameyak/2027-tech-jobs,official verification cached,2026-07-21T03:20:18.767Z,2026-07-20,2026-07-20,2026-07-07,,aquatic|discovery_feed,discovery_feed,,P0
IMC Trading,Machine Learning Research Intern - Summer 2027,"Chicago, IL",Internship,Software / AI / ML,,2027 internship cycle,https://job-boards.eu.greenhouse.io/imc/jobs/4907430101,https://job-boards.eu.greenhouse.io/imc/jobs/4907430101,https://github.com/aprameyak/2027-tech-jobs,official verification cached,2026-07-21T03:20:18.766Z,2026-07-05,2026-07-20,2026-07-07,,imc trading|discovery_feed,discovery_feed,,P0
IMC Trading,Quantitative Trader Intern - Summer 2027,"Chicago, IL",Internship,Software / AI / ML,,2027 internship cycle,https://job-boards.eu.greenhouse.io/imc/jobs/4823923101,https://job-boards.eu.greenhouse.io/imc/jobs/4823923101,https://github.com/aprameyak/2027-tech-jobs,official verification cached,2026-07-21T03:20:18.766Z,2026-07-05,2026-07-20,2026-07-07,,imc trading|discovery_feed,discovery_feed,,P0
IMC Trading,Software Engineer Intern,"Chicago, IL",Internship,Software / AI / ML,,2027 internship cycle,https://www.imc.com/us/careers/jobs/4823924101,https://www.imc.com/us/careers/jobs/4823924101,https://github.com/vanshb03/Summer2027-Internships,official verification cached,2026-07-21T03:20:18.811Z,2026-07-05,2026-07-20,2026-07-07,,imc trading|discovery_feed,discovery_feed,,P1
Nuro,"Reliability Engineer, Intern","Mountain View, CA",Internship,Software / AI / ML,,2027 internship cycle,https://nuro.ai/careersitem?gh_jid=7673849,https://nuro.ai/careersitem?gh_jid=7673849,https://github.com/aprameyak/2027-tech-jobs,official verification cached,2026-07-21T03:25:12.352Z,2026-07-20,2026-07-20,2026-07-07,,nuro|discovery_feed,discovery_feed,,P1
Nuro,"Software Engineer, AI Platform - Intern","Mountain View, CA",Internship,Software / AI / ML,,2027 internship cycle,https://nuro.ai/careersitem?gh_jid=7351061,https://nuro.ai/careersitem?gh_jid=7351061,https://github.com/aprameyak/2027-tech-jobs,official verification cached,2026-07-21T03:25:12.330Z,2026-07-20,2026-07-20,2026-07-07,,nuro|discovery_feed,discovery_feed,,P1
Palantir,"Forward Deployed Software Engineer, Internship - Defense Tech","Washington, D.C.",Internship,Software / AI / ML,"$10,000/month",2027 internship eligible,https://jobs.lever.co/palantir/cccfe1bd-f15b-4fe5-b044-c793e7961c1b,https://www.palantir.com/careers/open-positions/,,,,2026-07-07,2026-07-20,,,palantir|lever,lever,2024-08-05T23:14:32.789Z,P0
Palantir,"Forward Deployed Software Engineer, Internship - US Government","Washington, D.C.",Internship,Software / AI / ML,"$10,000/month",2027 internship eligible,https://jobs.lever.co/palantir/e6ff8bf2-135e-474d-ad37-24f490ae1dd2,https://www.palantir.com/careers/open-positions/,,,,2026-07-07,2026-07-20,,,palantir|lever,lever,2021-07-01T22:12:43.840Z,P0
Palantir,"Software Engineer, Internship","Washington, D.C.",Internship,Software / AI / ML,"$10,500/month",2027 internship eligible,https://jobs.lever.co/palantir/bdcfb29f-4f27-42de-933f-7f83a359b9f0,https://www.palantir.com/careers/open-positions/,,,,2026-07-07,2026-07-20,,,palantir|lever,lever,2021-07-01T22:00:40.124Z,P0
Palantir,"Software Engineer, Internship - Production Infrastructure","Washington, D.C.",Internship,Software / AI / ML,"$10,500/month",2027 internship eligible,https://jobs.lever.co/palantir/3ab9e715-1ea9-4c6c-ad50-7340eac14e86,https://www.palantir.com/careers/open-positions/,,,,2026-07-07,2026-07-20,,,palantir|lever,lever,2025-08-19T09:41:27.314Z,P0
Tower Research Capital,Quantitative Developer Intern,"Chicago, IL New York, NY",Internship,Software / AI / ML,,2027 internship cycle,https://tower-research.com/open-positions?gh_jid=8044334,https://tower-research.com/open-positions?gh_jid=8044334,https://github.com/vanshb03/Summer2027-Internships,official verification cached,2026-07-21T03:25:12.001Z,2026-07-20,2026-07-20,2026-07-07,,tower research capital|discovery_feed,discovery_feed,,P1
Tower Research Capital,Quantitative Trader Intern - Summer 2027,"New York, NY; Chicago, IL",Internship,Software / AI / ML,,2027 internship cycle,https://www.tower-research.com/open-positions?gh_jid=8024128,https://www.tower-research.com/open-positions?gh_jid=8024128,https://github.com/aprameyak/2027-tech-jobs,official verification cached,2026-07-21T03:25:11.995Z,2026-07-20,2026-07-20,2026-07-07,,tower research capital|discovery_feed,discovery_feed,,P0
Tower Research Capital,Quantitative Developer Intern,"New York, NY / Chicago, IL",Internship,Software / AI / ML,,2027 internship cycle,https://job-boards.greenhouse.io/embed/job_app?for=towerresearchcapital&token=8044334,https://job-boards.greenhouse.io/embed/job_app?for=towerresearchcapital&token=8044334,https://github.com/sndsh404/summer-2027-internships,official verification cached,2026-07-21T03:20:18.809Z,2026-07-20,2026-07-20,2026-07-06,,tower research capital|discovery_feed,discovery_feed,,P1
Tower Research Capital,Quantitative Trader Intern,"New York, NY / Chicago, IL",Internship,Software / AI / ML,,2027 internship cycle,https://job-boards.greenhouse.io/embed/job_app?for=towerresearchcapital&token=8024128,https://job-boards.greenhouse.io/embed/job_app?for=towerresearchcapital&token=8024128,https://github.com/sndsh404/summer-2027-internships,official verification cached,2026-07-21T03:20:18.809Z,2026-07-20,2026-07-20,2026-07-06,,tower research capital|discovery_feed,discovery_feed,,P1
Kulicke & Soffa,"Intern, Software Engineering","Fort Washington, PA, United States",Internship,Software / AI / ML,,2027 internship cycle,https://etyy.fa.ap2.oraclecloud.com/hcmUI/CandidateExperience/en/sites/CX_1/job/11497,https://etyy.fa.ap2.oraclecloud.com/hcmUI/CandidateExperience/en/sites/CX_1/job/11497,https://github.com/zshah101/Automated-List-Of-Summer-2027-and-Fall-2026-Tech-Internships,official verification cached,2026-07-21T03:20:18.815Z,2026-07-20,2026-07-20,2026-07-03,,kulicke & soffa|discovery_feed,discovery_feed,,P1
Bot Auto,"Intern, Deep Learning Engineer","Houston, TX",Internship,Software / AI / ML,,2027 internship cycle,https://job-boards.greenhouse.io/botauto/jobs/5289440008,https://job-boards.greenhouse.io/botauto/jobs/5289440008,https://github.com/zshah101/Automated-List-Of-Summer-2027-and-Fall-2026-Tech-Internships,official verification cached,2026-07-21T03:20:18.815Z,2026-07-20,2026-07-20,2026-07-02,,bot auto|discovery_feed,discovery_feed,,P1
Nelnet,Intern - AI Engineer,"Lincoln, NE",Internship,Software / AI / ML,$21 - $25/hr,2027 internship cycle,https://nelnet.wd1.myworkdayjobs.com/en-US/mynelnet/job/Lincoln-NE/Intern---AI-Engineer_R22763,https://nelnet.wd1.myworkdayjobs.com/en-US/mynelnet/job/Lincoln-NE/Intern---AI-Engineer_R22763,https://github.com/speedyapply/2027-AI-College-Jobs,official verification cached,2026-07-21T03:20:18.824Z,2026-07-20,2026-07-20,2026-07-01,,nelnet|discovery_feed,discovery_feed,,P1
Sony,Research Intern on Generative and Protective AI for Content Creation,Remote - New York,Internship,Software / AI / ML,$50.00 per hour,2027 internship cycle,https://sonyglobal.wd1.myworkdayjobs.com/SonyGlobalCareers/job/Remote---New-York/Research-Intern-on-Generative-and-Protective-AI-for-Content-Creation_JR-119335,https://sonyglobal.wd1.myworkdayjobs.com/SonyGlobalCareers/job/Remote---New-York/Research-Intern-on-Generative-and-Protective-AI-for-Content-Creation_JR-119335,https://github.com/zshah101/Automated-List-Of-Summer-2027-and-Fall-2026-Tech-Internships,official verification cached,2026-07-21T03:34:27.530Z,2026-07-20,2026-07-20,2026-06-30,,sony|discovery_feed,discovery_feed,,P1
Lila Sciences,"Co-Op, LS AI, ML Scientist for Protein Engineering","San Francisco, CA USA",Internship,Software / AI / ML,,2027 internship cycle,https://job-boards.greenhouse.io/lilasciences/jobs/4289387009,https://job-boards.greenhouse.io/lilasciences/jobs/4289387009,https://github.com/zshah101/Automated-List-Of-Summer-2027-and-Fall-2026-Tech-Internships,official verification cached,2026-07-21T03:20:18.815Z,2026-07-20,2026-07-20,2026-06-29,,lila sciences|discovery_feed,discovery_feed,,P1
CTGT,"Software Engineering Intern / Research Intern, Interpretability (Summer 2027)","San Francisco, CA",Internship,Software / AI / ML,"$8,000 - $12,000",2027 internship cycle,https://www.ycombinator.com/companies/ctgt/jobs/b3hTkK4-software-engineering-intern-summer-2027,https://www.ycombinator.com/companies/ctgt/jobs/b3hTkK4-software-engineering-intern-summer-2027,https://github.com/sndsh404/summer-2027-internships,official verification cached,2026-07-21T03:20:18.809Z,2026-07-20,2026-07-20,2026-06-27,,ctgt|discovery_feed,discovery_feed,,P0
Copart,Software Engineering Intern,"Dallas, TX - Headquarters",Internship,Software / AI / ML,,2027 internship cycle,https://copart.wd12.myworkdayjobs.com/copart/job/Dallas-TX---Headquarters/Software-Engineering-Intern_JR109672,https://copart.wd12.myworkdayjobs.com/copart/job/Dallas-TX---Headquarters/Software-Engineering-Intern_JR109672,https://github.com/zshah101/Automated-List-Of-Summer-2027-and-Fall-2026-Tech-Internships,official verification cached,2026-07-21T03:20:18.815Z,2026-07-20,2026-07-20,2026-06-26,,copart|discovery_feed,discovery_feed,,P1
Altasciences,Process Innovation - Software Engineering Intern,"Overland Park, KS",Internship,Software / AI / ML,,2027 internship cycle,https://altasciences.wd1.myworkdayjobs.com/en-US/careers/job/Overland-Park-Kansas/Process-Innovation---Software-Engineering-Intern_R102750,https://altasciences.wd1.myworkdayjobs.com/en-US/careers/job/Overland-Park-Kansas/Process-Innovation---Software-Engineering-Intern_R102750,https://github.com/speedyapply/2027-SWE-College-Jobs,official verification cached,2026-07-21T03:20:26.505Z,2026-07-20,2026-07-20,2026-06-24,,altasciences|discovery_feed,discovery_feed,,P1
Midmark,Firmware Engineering Co-op (Spring 2027),"Versailles, OH",Internship,Software / AI / ML,,2027 internship cycle,https://hcor.fa.us2.oraclecloud.com/hcmUI/CandidateExperience/en/sites/CX_1/job/4333,https://hcor.fa.us2.oraclecloud.com/hcmUI/CandidateExperience/en/sites/CX_1/job/4333,https://github.com/sndsh404/summer-2027-internships,official verification cached,2026-07-21T03:20:27.398Z,2026-07-20,2026-07-20,2026-06-22,,midmark|discovery_feed,discovery_feed,,P0
Nio,AI Robotics Researcher Intern (Dexterous Manipulation),San Jose-US,Internship,Software / AI / ML,$38.00 - $46.00/hr,2027 internship cycle,https://nio.wd3.myworkdayjobs.com/NIO_Careers/job/San-Jose-US/AI-Robotics-Researcher-Intern--Dexterous-Manipulation-_R-000144,https://nio.wd3.myworkdayjobs.com/NIO_Careers/job/San-Jose-US/AI-Robotics-Researcher-Intern--Dexterous-Manipulation-_R-000144,https://github.com/zshah101/Automated-List-Of-Summer-2027-and-Fall-2026-Tech-Internships,official verification cached,2026-07-21T03:22:27.887Z,2026-07-20,2026-07-20,2026-06-19,,nio|discovery_feed,discovery_feed,,P1
Generac,Intern Firmware Engineering,"Reno, NV +1",Internship,Software / AI / ML,,2027 internship cycle,https://generac.wd5.myworkdayjobs.com/en-US/external/job/Reno-NV---USA/Intern-Firmware-Engineering_JR14674,https://generac.wd5.myworkdayjobs.com/en-US/external/job/Reno-NV---USA/Intern-Firmware-Engineering_JR14674,https://github.com/speedyapply/2027-SWE-College-Jobs,official verification cached,2026-07-21T03:25:13.154Z,2026-07-20,2026-07-20,2026-06-18,,generac|discovery_feed,discovery_feed,,P1
Lila Sciences,"Co-Op, AI Security","Cambridge, MA USA",Internship,Software / AI / ML,,2027 internship cycle,https://job-boards.greenhouse.io/lilasciences/jobs/4280945009,https://job-boards.greenhouse.io/lilasciences/jobs/4280945009,https://github.com/zshah101/Automated-List-Of-Summer-2027-and-Fall-2026-Tech-Internships,official verification cached,2026-07-21T03:34:27.699Z,2026-07-20,2026-07-20,2026-06-11,,lila sciences|discovery_feed,discovery_feed,,P1
Lila Sciences,"Co-op, Machine Learning for Digital Twins","Cambridge, MA USA",Internship,Software / AI / ML,,2027 internship cycle,https://job-boards.greenhouse.io/lilasciences/jobs/4280809009,https://job-boards.greenhouse.io/lilasciences/jobs/4280809009,https://github.com/zshah101/Automated-List-Of-Summer-2027-and-Fall-2026-Tech-Internships,official verification cached,2026-07-21T03:34:27.609Z,2026-07-20,2026-07-20,2026-06-11,,lila sciences|discovery_feed,discovery_feed,,P1
Clarity Innovations,Junior Software Engineer Internship,"Herndon, VA",Internship,Software / AI / ML,,2027 internship cycle,https://job-boards.greenhouse.io/clarityinnovates/jobs/5155449007,https://job-boards.greenhouse.io/clarityinnovates/jobs/5155449007,https://github.com/zshah101/Automated-List-Of-Summer-2027-and-Fall-2026-Tech-Internships,official verification cached,2026-07-21T03:27:05.082Z,2026-07-20,2026-07-20,2026-06-05,,clarity innovations|discovery_feed,discovery_feed,,P1
TSMC Arizona,"Engineering Intern (12 roles: process, equipment, CIM / software)","Phoenix, AZ",Internship,Software / AI / ML,,2027 internship cycle,https://ro.careers.tsmc.com/job/Phoenix-Summer-2027-TSMC-AZ-Internship-Opportunities-Engineering-Roles-AZ-85001/1361003166,https://ro.careers.tsmc.com/job/Phoenix-Summer-2027-TSMC-AZ-Internship-Opportunities-Engineering-Roles-AZ-85001/1361003166,https://github.com/sndsh404/summer-2027-internships,official verification cached,2026-07-21T03:34:28.887Z,2026-07-20,2026-07-20,2026-06-04,,tsmc arizona|discovery_feed,discovery_feed,,P1
Fluxergy,Firmware Engineer Intern,"Irvine, California",Internship,Software / AI / ML,$20/hour,2027 internship cycle,https://jobs.lever.co/fluxergy-2/c592763e-56ba-4d20-b751-3a4574470eec,https://jobs.lever.co/fluxergy-2/c592763e-56ba-4d20-b751-3a4574470eec,https://github.com/zshah101/Automated-List-Of-Summer-2027-and-Fall-2026-Tech-Internships,official verification cached,2026-07-21T03:27:05.344Z,2026-07-20,2026-07-20,2026-06-02,,fluxergy|discovery_feed,discovery_feed,,P1
TransMarket Group,DevOps/SRE Intern,"Chicago, Illinois, United States",Internship,Software / AI / ML,,2027 internship cycle,https://job-boards.greenhouse.io/transmarketgroup/jobs/5151577007?gh_jid=5151577007,https://job-boards.greenhouse.io/transmarketgroup/jobs/5151577007?gh_jid=5151577007,https://github.com/zshah101/Automated-List-Of-Summer-2027-and-Fall-2026-Tech-Internships,official verification cached,2026-07-21T03:27:05.007Z,2026-07-20,2026-07-20,2026-06-02,,transmarket group|discovery_feed,discovery_feed,,P1
Walleye Capital,Volatility Trading Developer Intern (Summer 2027),"New York, New York",Internship,Software / AI / ML,"$14,000/month",2027 internship cycle,https://job-boards.greenhouse.io/walleyecapital-external-students/jobs/4679434006,https://job-boards.greenhouse.io/walleyecapital-external-students/jobs/4679434006,https://github.com/zshah101/Automated-List-Of-Summer-2027-and-Fall-2026-Tech-Internships,official verification cached,2026-07-21T03:27:05.666Z,2026-07-20,2026-07-20,2026-06-01,,walleye capital|discovery_feed,discovery_feed,,P0
Aquatic Capital,Software Engineer Intern,"Chicago, IL",Internship,Software / AI / ML,,2027 internship cycle,https://job-boards.greenhouse.io/embed/job_app?for=aquaticcapitalmanagement&jr_id=6a06fd77152f493123c4b595&token=8489233002,https://job-boards.greenhouse.io/embed/job_app?for=aquaticcapitalmanagement&jr_id=6a06fd77152f493123c4b595&token=8489233002,https://github.com/vanshb03/Summer2027-Internships,official verification cached,2026-07-21T03:27:05.976Z,2026-07-20,2026-07-20,2026-05-22,,aquatic capital|discovery_feed,discovery_feed,,P1
Etched,Firmware Intern,"San Jose, CA",Internship,Software / AI / ML,,2027 internship cycle,https://jobs.ashbyhq.com/Etched/8134a9bf-9624-48dd-98be-0bf1c3cb1f55,https://jobs.ashbyhq.com/Etched/8134a9bf-9624-48dd-98be-0bf1c3cb1f55,https://github.com/vanshb03/Summer2027-Internships,official verification cached,2026-07-21T03:27:05.663Z,2026-07-20,2026-07-20,2026-05-22,,etched|discovery_feed,discovery_feed,,P1
Etched,Infrastructure Intern,"San Jose, CA",Internship,Software / AI / ML,,2027 internship cycle,https://jobs.ashbyhq.com/Etched/80926a71-0a62-4bf8-a877-b6d96df279b7,https://jobs.ashbyhq.com/Etched/80926a71-0a62-4bf8-a877-b6d96df279b7,https://github.com/vanshb03/Summer2027-Internships,official verification cached,2026-07-21T03:27:05.762Z,2026-07-20,2026-07-20,2026-05-22,,etched|discovery_feed,discovery_feed,,P1
Stoke Space,Software Engineer Intern,"Kent, WA",Internship,Software / AI / ML,,2027 internship cycle,https://www.stokespace.com/careers/current-openings?gh_jid=5987663004&jr_id=69fae0acd21cf86d1e3cd79c,https://www.stokespace.com/careers/current-openings?gh_jid=5987663004&jr_id=69fae0acd21cf86d1e3cd79c,https://github.com/vanshb03/Summer2027-Internships,official verification cached,2026-07-21T03:25:10.533Z,2026-07-20,2026-07-20,2026-05-22,,stoke space|discovery_feed,discovery_feed,,P1
Susquehanna International Group,Trading System Engineering Intern,"Bala Cynwyd, PA",Internship,Software / AI / ML,$0 - $0/hr,2027 internship cycle,https://careers.sig.com/jobs/10837?iis=LinkedIn&jr_id=69f3d11158b23a2329da8088&lang=en-us&mode=apply,https://careers.sig.com/jobs/10837?iis=LinkedIn&jr_id=69f3d11158b23a2329da8088&lang=en-us&mode=apply,https://github.com/vanshb03/Summer2027-Internships,official verification cached,2026-07-21T03:27:05.971Z,2026-07-20,2026-07-20,2026-05-22,2027-05-14,susquehanna international group|discovery_feed,discovery_feed,,P1
Poshmark,"Cloud Platform Engineer Intern, Growth","Redwood City, CA",Internship,Software / AI / ML,,2027 internship cycle,https://jobs.ashbyhq.com/poshmark/062b84e6-1633-43ae-870b-83cb62893caa,https://jobs.ashbyhq.com/poshmark/062b84e6-1633-43ae-870b-83cb62893caa,https://github.com/vanshb03/Summer2027-Internships,official verification cached,2026-07-21T03:27:06.688Z,2026-07-20,2026-07-20,2026-04-20,,poshmark|discovery_feed,discovery_feed,,P1
Point72,Quantitative Developer Intern,"New York, NY",Internship,Software / AI / ML,,2027 internship cycle,https://careers.point72.com/CSJobDetail?jobCode=CSS-0012293&jobName=summer-2027-quantitative-developer-internship,https://careers.point72.com/CSJobDetail?jobCode=CSS-0012293&jobName=summer-2027-quantitative-developer-internship,https://github.com/vanshb03/Summer2027-Internships,official verification cached,2026-07-21T03:27:07.114Z,2026-07-20,2026-07-20,2026-04-19,,point72|discovery_feed,discovery_feed,,P1
Point72,Quantitative Researcher Intern,"New York, NY",Internship,Software / AI / ML,,2027 internship cycle,https://careers.point72.com/CSJobDetail?jobCode=CSS-0012295&jobName=summer-2027-quantitative-researcher-internship,https://careers.point72.com/CSJobDetail?jobCode=CSS-0012295&jobName=summer-2027-quantitative-researcher-internship,https://github.com/vanshb03/Summer2027-Internships,official verification cached,2026-07-21T03:27:07.239Z,2026-07-20,2026-07-20,2026-04-19,,point72|discovery_feed,discovery_feed,,P1
Ardian,Data Scientist Intern,New York,Internship,Data Science,,2027 internship cycle,https://ardian.wd103.myworkdayjobs.com/ArdianCareers/job/New-York/Data-Scientist-Intern_JR1001434,https://ardian.wd103.myworkdayjobs.com/ArdianCareers/job/New-York/Data-Scientist-Intern_JR1001434,https://github.com/zapplyjobs/Internships-2027,official verification cached,2026-07-21T03:29:10.077Z,2026-07-20,2026-07-20,,,ardian|discovery_feed,discovery_feed,,P1
Evolver,Applied Data Science Intern,"Palo Alto, CA",Internship,Data Science,,2027 internship cycle,https://job-boards.greenhouse.io/evolver/jobs/4254540009,https://job-boards.greenhouse.io/evolver/jobs/4254540009,https://github.com/zapplyjobs/Internships-2027,official verification cached,2026-07-21T03:29:10.451Z,2026-07-20,2026-07-20,,,evolver|discovery_feed,discovery_feed,,P1
Integra FEC,(FALL) Data Analyst Intern,"Austin, Texas",Internship,Data Science,,2027 internship cycle,https://job-boards.greenhouse.io/integra/jobs/5134522008,https://job-boards.greenhouse.io/integra/jobs/5134522008,https://github.com/zapplyjobs/Internships-2027,official verification cached,2026-07-21T03:29:10.764Z,2026-07-20,2026-07-20,,,integra fec|discovery_feed,discovery_feed,,P1
Nuro,Data Scientist Intern,"Mountain View, CA",Internship,Data Science,,2027 internship cycle,https://nuro.ai/careersitem?gh_jid=7594577,https://nuro.ai/careersitem?gh_jid=7594577,https://github.com/aprameyak/2027-tech-jobs,official verification cached,2026-07-21T03:25:12.457Z,2026-07-20,2026-07-20,2026-07-07,,nuro|discovery_feed,discovery_feed,,P1
Delta Air Lines,"Reservations Co-op (Spring 2027, data analytics / process improvement)","Atlanta, GA",Internship,Data Science,,2027 internship cycle,https://delta.avature.net/en_US/careers/JobDetail?jobId=32928,https://delta.avature.net/en_US/careers/JobDetail?jobId=32928,https://github.com/sndsh404/summer-2027-internships,official verification cached,2026-07-21T03:25:12.583Z,2026-07-20,2026-07-20,2026-06-23,,delta air lines|discovery_feed,discovery_feed,,P0
RFCUNY,Data Analyst Intern,"New York, NY",Internship,Data Science,$17.50 per hour,2027 internship cycle,https://rfcuny.wd108.myworkdayjobs.com/RFCUNY/job/New-York-NY/Data-Analyst-Intern_JR2987,https://rfcuny.wd108.myworkdayjobs.com/RFCUNY/job/New-York-NY/Data-Analyst-Intern_JR2987,https://github.com/zshah101/Automated-List-Of-Summer-2027-and-Fall-2026-Tech-Internships,official verification cached,2026-07-21T03:20:26.388Z,2026-07-20,2026-07-20,2026-06-23,,rfcuny|discovery_feed,discovery_feed,,P1
Centerfield,Data Science Intern,"Los Angeles, California",Internship,Data Science,$30 - $30/hr,2027 internship cycle,https://jobs.ashbyhq.com/centerfield/916dcf42-d69a-4f00-875a-f8fe630e0f33,https://jobs.ashbyhq.com/centerfield/916dcf42-d69a-4f00-875a-f8fe630e0f33,https://github.com/zshah101/Automated-List-Of-Summer-2027-and-Fall-2026-Tech-Internships,official verification cached,2026-07-21T03:22:27.026Z,2026-07-20,2026-07-20,2026-06-22,,centerfield|discovery_feed,discovery_feed,,P1
Solar Turbines (Caterpillar),Gas Compressor Data Analyst Intern,"San Diego, CA",Internship,Data Science,,2027 internship cycle,https://cat.wd5.myworkdayjobs.com/SolarTurbines/job/San-Diego-California/XMLNAME-2027-Internship--Gas-Compressor-Data-Analyst_R0000375786,https://cat.wd5.myworkdayjobs.com/SolarTurbines/job/San-Diego-California/XMLNAME-2027-Internship--Gas-Compressor-Data-Analyst_R0000375786,https://github.com/sndsh404/summer-2027-internships,official verification cached,2026-07-21T03:27:05.317Z,2026-07-20,2026-07-20,2026-06-12,,solar turbines (caterpillar)|discovery_feed,discovery_feed,,P1
Walleye Capital,Investment Data Science Intern (Summer 2027),"New York, New York",Internship,Data Science,"$14,000/month",2027 internship cycle,https://job-boards.greenhouse.io/walleyecapital-external-students/jobs/4676587006,https://job-boards.greenhouse.io/walleyecapital-external-students/jobs/4676587006,https://github.com/zshah101/Automated-List-Of-Summer-2027-and-Fall-2026-Tech-Internships,official verification cached,2026-07-21T03:27:07.126Z,2026-07-20,2026-07-20,2026-06-01,,walleye capital|discovery_feed,discovery_feed,,P0
Akuna Capital,"Hardware Engineer Intern, Summer 2027","Chicago, IL",Internship,Mechanical Engineering,,2027 internship cycle,https://www.akunacapital.com/careers/job/8018880?gh_jid=8018880,https://www.akunacapital.com/careers/job/8018880?gh_jid=8018880,https://github.com/zapplyjobs/Internships-2027,official verification cached,2026-07-21T03:29:12.416Z,2026-07-20,2026-07-20,,,akuna capital|discovery_feed,discovery_feed,,P0
Base Power,Hardware Engineering Intern,"Austin, TX",Internship,Mechanical Engineering,,2027 internship cycle,https://jobs.ashbyhq.com/base-power/f22cee0e-55d9-42cd-806e-1c1fc7217770/application,https://jobs.ashbyhq.com/base-power/f22cee0e-55d9-42cd-806e-1c1fc7217770/application,https://github.com/zapplyjobs/Internships-2027,official verification cached,2026-07-21T03:29:13.081Z,2026-07-20,2026-07-20,,,base power|discovery_feed,discovery_feed,,P1
Base Power,Manufacturing Engineering Intern,"Austin, TX",Internship,Mechanical Engineering,,2027 internship cycle,https://jobs.ashbyhq.com/base-power/a92c9d93-eac0-4da5-b3f2-edf1eeef146b/application,https://jobs.ashbyhq.com/base-power/a92c9d93-eac0-4da5-b3f2-edf1eeef146b/application,https://github.com/zapplyjobs/Internships-2027,official verification cached,2026-07-21T03:31:51.192Z,2026-07-20,2026-07-20,,,base power|discovery_feed,discovery_feed,,P1
Bio-Techne,Hardware Engineering Intern,"San Jose, CA",Internship,Mechanical Engineering,$19.20 - $26.40/hr,2027 internship cycle,https://biotechne.wd5.myworkdayjobs.com/Biotechne/job/San-Jose-CA/Hardware-Engineering-Intern_JR101533,https://biotechne.wd5.myworkdayjobs.com/Biotechne/job/San-Jose-CA/Hardware-Engineering-Intern_JR101533,https://github.com/zapplyjobs/Internships-2027,official verification cached,2026-07-21T03:29:12.747Z,2026-07-20,2026-07-20,,,bio-techne|discovery_feed,discovery_feed,,P1
BorgWarner,Mechanical Engineering Intern – Adv. Engineering – PDS (Year-Round),"Auburn Hills PTC - USA, United States of America",Internship,Mechanical Engineering,,2027 internship cycle,https://borgwarner.wd5.myworkdayjobs.com/BorgWarner_Careers/job/Auburn-Hills---Michigan---USA/Mechanical-Engineering-Intern---Adv-Engineering---PDS--Year-Round-_R2026-2137,https://borgwarner.wd5.myworkdayjobs.com/BorgWarner_Careers/job/Auburn-Hills---Michigan---USA/Mechanical-Engineering-Intern---Adv-Engineering---PDS--Year-Round-_R2026-2137,https://github.com/zapplyjobs/Internships-2027,official page verified,2026-07-21T03:29:12.692Z,2026-07-20,2026-07-20,,,borgwarner|discovery_feed,discovery_feed,,P1
Curtiss-Wright,Mechanical Engineering Intern,"Brea, CA",Internship,Mechanical Engineering,,2027 internship cycle,https://curtisswright.wd1.myworkdayjobs.com/CW_External_Career_Site/job/US-CA-Brea-Nuclear/Mechanical-Engineering-Intern_JR12660-1,https://curtisswright.wd1.myworkdayjobs.com/CW_External_Career_Site/job/US-CA-Brea-Nuclear/Mechanical-Engineering-Intern_JR12660-1,https://github.com/zapplyjobs/Internships-2027,official verification cached,2026-07-21T03:29:12.507Z,2026-07-20,2026-07-20,,,curtiss-wright|discovery_feed,discovery_feed,,P1
Eight Sleep,"Prototype & Test Engineering Intern, New Product Development","San Francisco, California, USA",Internship,Mechanical Engineering,$30 - $35/hr,2027 internship cycle,https://jobs.ashbyhq.com/eightsleep/26d71b34-8a04-45e4-8c39-980688779dc3/application,https://jobs.ashbyhq.com/eightsleep/26d71b34-8a04-45e4-8c39-980688779dc3/application,https://github.com/zapplyjobs/Internships-2027,official page verified,2026-07-21T03:34:30.023Z,2026-07-20,2026-07-20,,,eight sleep|discovery_feed,discovery_feed,,P1
Huntsman,Mechanical Engineering Intern,Texas,Internship,Mechanical Engineering,,2027 internship cycle,https://huntsman.wd1.myworkdayjobs.com/Huntsman/job/USA---Texas---Houston---The-Woodlands---Corporate-Office/Mechanical-Engineering-Intern_J-020026,https://huntsman.wd1.myworkdayjobs.com/Huntsman/job/USA---Texas---Houston---The-Woodlands---Corporate-Office/Mechanical-Engineering-Intern_J-020026,https://github.com/zapplyjobs/Internships-2027,official verification cached,2026-07-21T03:29:11.786Z,2026-07-20,2026-07-20,,,huntsman|discovery_feed,discovery_feed,,P1
Lila Sciences,"Co-op, Mechanical Engineer","Cambridge, MA USA",Internship,Mechanical Engineering,,2027 internship cycle,https://job-boards.greenhouse.io/lilasciences/jobs/4284223009,https://job-boards.greenhouse.io/lilasciences/jobs/4284223009,https://github.com/zapplyjobs/Internships-2027,official verification cached,2026-07-21T03:29:12.864Z,2026-07-20,2026-07-20,,,lila sciences|discovery_feed,discovery_feed,,P1
Marmon Holdings,Mechanical Engineer Intern,"USA_IL_Chicago_181 West Madison Street_Suite 2500, United States of America",Internship,Mechanical Engineering,,2027 internship cycle,https://marmon.wd501.myworkdayjobs.com/Marmon_MSIP_Internships/job/Remote---United-States-of-America/Mechanical-Engineer-Intern_JR0000036528-1,https://marmon.wd501.myworkdayjobs.com/Marmon_MSIP_Internships/job/Remote---United-States-of-America/Mechanical-Engineer-Intern_JR0000036528-1,https://github.com/zapplyjobs/Internships-2027,official page verified,2026-07-21T03:36:34.968Z,2026-07-20,2026-07-20,,,marmon holdings|discovery_feed,discovery_feed,,P1
Moog,"Intern, Test Engineering","Buffalo, NY",Internship,Mechanical Engineering,,2027 internship cycle,https://moog.wd5.myworkdayjobs.com/moog_external_career_site/job/Buffalo-NY/Intern--Test-Engineering_R-26-18775,https://moog.wd5.myworkdayjobs.com/moog_external_career_site/job/Buffalo-NY/Intern--Test-Engineering_R-26-18775,https://github.com/zapplyjobs/Internships-2027,official verification cached,2026-07-21T03:27:08.942Z,2026-07-20,2026-07-20,,,moog|discovery_feed,discovery_feed,,P1
Nidec,manufacturing engineering intern,"North America/USA/Minnesota/Mankato, MN, United States of America",Internship,Mechanical Engineering,$21.00 - $22.50/hr,2027 internship cycle,https://nidec.wd1.myworkdayjobs.com/nidec/job/North-AmericaUSAMinnesotaMankato-MN/manufacturing-engineering-intern_R0016035,https://nidec.wd1.myworkdayjobs.com/nidec/job/North-AmericaUSAMinnesotaMankato-MN/manufacturing-engineering-intern_R0016035,https://github.com/zapplyjobs/Internships-2027,official page verified,2026-07-21T03:36:35.472Z,2026-07-20,2026-07-20,,,nidec|discovery_feed,discovery_feed,,P1
Regal Rexnord,Manufacturing Engineering Co-Op,"Florence, Kentucky, United States, United States of America",Internship,Mechanical Engineering,,2027 internship cycle,https://regalrexnord.wd1.myworkdayjobs.com/careers/job/Florence-Kentucky-United-States/Manufacturing-Engineering-Co-Op_R26_00665,https://regalrexnord.wd1.myworkdayjobs.com/careers/job/Florence-Kentucky-United-States/Manufacturing-Engineering-Co-Op_R26_00665,https://github.com/zapplyjobs/Internships-2027,official page verified,2026-07-21T03:31:54.030Z,2026-07-20,2026-07-20,,,regal rexnord|discovery_feed,discovery_feed,,P1
Smiths Group,Mechanical Engineering Co-Op,"Morton Grove, IL",Internship,Mechanical Engineering,,2027 internship cycle,https://jobs.smartrecruiters.com/SmithsGroup2/744000138415594,https://jobs.smartrecruiters.com/SmithsGroup2/744000138415594,https://github.com/zapplyjobs/Internships-2027,official verification cached,2026-07-21T03:29:11.717Z,2026-07-20,2026-07-20,,,smiths group|discovery_feed,discovery_feed,,P1
Smiths Group,Mechanical Engineering Co-Op,"Morton Grove, IL",Internship,Mechanical Engineering,,2027 internship cycle,https://jobs.smartrecruiters.com/SmithsGroup2/744000138408779,https://jobs.smartrecruiters.com/SmithsGroup2/744000138408779,https://github.com/zapplyjobs/Internships-2027,official verification cached,2026-07-21T03:29:11.783Z,2026-07-20,2026-07-20,,,smiths group|discovery_feed,discovery_feed,,P1
Teledyne,Mechanical Engineering Intern,"Torrance, CA",Internship,Mechanical Engineering,,2027 internship cycle,https://flir.wd1.myworkdayjobs.com/flircareers/job/US---Torrance-CA/Mechanical-Engineering-Intern_REQ35340,https://flir.wd1.myworkdayjobs.com/flircareers/job/US---Torrance-CA/Mechanical-Engineering-Intern_REQ35340,https://github.com/zapplyjobs/Internships-2027,official verification cached,2026-07-21T03:29:12.240Z,2026-07-20,2026-07-20,,,teledyne|discovery_feed,discovery_feed,,P1
Tencent,Mechanical Engineering Intern,"US-Washington-Bellevue, United States of America",Internship,Mechanical Engineering,,2027 internship cycle,https://tencent.wd1.myworkdayjobs.com/Tencent_Careers/job/US-Washington-Bellevue/Mechanical-Engineering-Intern_R107667-1,https://tencent.wd1.myworkdayjobs.com/Tencent_Careers/job/US-Washington-Bellevue/Mechanical-Engineering-Intern_R107667-1,https://github.com/zapplyjobs/Internships-2027,official page verified,2026-07-21T03:29:13.134Z,2026-07-20,2026-07-20,,,tencent|discovery_feed,discovery_feed,,P1
The Exploration Company,Crew Systems Engineering Intern - Mechanical/Structures,"Houston, United States",Internship,Mechanical Engineering,,2027 internship cycle,https://jobs.ashbyhq.com/the-exploration-company/90170478-eb9d-46cd-bdf2-7967875919a6/application,https://jobs.ashbyhq.com/the-exploration-company/90170478-eb9d-46cd-bdf2-7967875919a6/application,https://github.com/zapplyjobs/Internships-2027,official page verified,2026-07-21T03:34:29.818Z,2026-07-20,2026-07-20,,,the exploration company|discovery_feed,discovery_feed,,P1
Thornton Tomasetti,Mechanical Engineer Co-op,"New York, NY, USA",Internship,Mechanical Engineering,$25 - $35 hourly,2027 internship cycle,https://tt.wd503.myworkdayjobs.com/thorntontomasetti/job/New-York-NY-USA/Mechanical-Engineer-Co-op_R6868,https://tt.wd503.myworkdayjobs.com/thorntontomasetti/job/New-York-NY-USA/Mechanical-Engineer-Co-op_R6868,https://github.com/zapplyjobs/Internships-2027,official verification cached,2026-07-21T03:29:12.641Z,2026-07-20,2026-07-20,,,thornton tomasetti|discovery_feed,discovery_feed,,P1
IMC Trading,Hardware Engineer Intern - Summer 2027,"Chicago, IL",Internship,Mechanical Engineering,,2027 internship cycle,https://job-boards.eu.greenhouse.io/imc/jobs/4823945101,https://job-boards.eu.greenhouse.io/imc/jobs/4823945101,https://github.com/aprameyak/2027-tech-jobs,official verification cached,2026-07-21T03:20:18.795Z,2026-07-05,2026-07-20,2026-07-18,,imc trading|discovery_feed,discovery_feed,,P0
Blue Origin,Avionics Software Intern (Spring 2027),"Seattle, WA (multiple US)",Internship,Aerospace Engineering,,2027 internship cycle,https://blueorigin.wd5.myworkdayjobs.com/en-US/BlueOrigin/job/Greater-Seattle-Area/Spring-2027-Avionics-Software-Internship---Undergraduate_R66213,https://blueorigin.wd5.myworkdayjobs.com/en-US/BlueOrigin/job/Greater-Seattle-Area/Spring-2027-Avionics-Software-Internship---Undergraduate_R66213,https://github.com/sndsh404/summer-2027-internships,official verification cached,2026-07-21T03:27:05.140Z,2026-07-20,2026-07-20,2026-06-10,,blue origin|discovery_feed,discovery_feed,,P0
